79293 execve("/tmp/fsearch-warm-release-build/src/fsearch-service", ["/tmp/fsearch-warm-release-build/src/fsearch-service", "serve", "--socket", "/tmp/fsearch-replace-trace-vm797boj/search.sock", "--database", "/tmp/fsearch-replace-trace-vm797boj/snapshot.db"], 0x7ffe4ea201f0 /* 259 vars */) = 0
79293 access("/etc/ld.so.preload", R_OK) = -1 ENOENT (No such file or directory)
79293 openat(AT_FDCWD</home/ecochran76/workspace.local/fsearch>, "/etc/ld.so.cache", O_RDONLY|O_CLOEXEC) = 3</etc/ld.so.cache>
79293 openat(AT_FDCWD</home/ecochran76/workspace.local/fsearch>, "/lib/x86_64-linux-gnu/libc.so.6", O_RDONLY|O_CLOEXEC) = 3</usr/lib/x86_64-linux-gnu/libc.so.6>
79293 openat(AT_FDCWD</home/ecochran76/workspace.local/fsearch>, "/usr/lib/locale/locale-archive", O_RDONLY|O_CLOEXEC) = -1 ENOENT (No such file or directory)
79293 openat(AT_FDCWD</home/ecochran76/workspace.local/fsearch>, "/usr/share/locale/locale.alias", O_RDONLY|O_CLOEXEC) = 3</etc/locale.alias>
79293 openat(AT_FDCWD</home/ecochran76/workspace.local/fsearch>, "/usr/lib/locale/C.UTF-8/LC_IDENTIFICATION", O_RDONLY|O_CLOEXEC) = -1 ENOENT (No such file or directory)
79293 openat(AT_FDCWD</home/ecochran76/workspace.local/fsearch>, "/usr/lib/locale/C.utf8/LC_IDENTIFICATION", O_RDONLY|O_CLOEXEC) = 3</usr/lib/locale/C.utf8/LC_IDENTIFICATION>
79293 openat(AT_FDCWD</home/ecochran76/workspace.local/fsearch>, "/usr/lib/x86_64-linux-gnu/gconv/gconv-modules.cache", O_RDONLY|O_CLOEXEC) = 3</usr/lib/x86_64-linux-gnu/gconv/gconv-modules.cache>
79293 openat(AT_FDCWD</home/ecochran76/workspace.local/fsearch>, "/usr/lib/locale/C.UTF-8/LC_MEASUREMENT", O_RDONLY|O_CLOEXEC) = -1 ENOENT (No such file or directory)
79293 openat(AT_FDCWD</home/ecochran76/workspace.local/fsearch>, "/usr/lib/locale/C.utf8/LC_MEASUREMENT", O_RDONLY|O_CLOEXEC) = 3</usr/lib/locale/C.utf8/LC_MEASUREMENT>
79293 openat(AT_FDCWD</home/ecochran76/workspace.local/fsearch>, "/usr/lib/locale/C.UTF-8/LC_TELEPHONE", O_RDONLY|O_CLOEXEC) = -1 ENOENT (No such file or directory)
79293 openat(AT_FDCWD</home/ecochran76/workspace.local/fsearch>, "/usr/lib/locale/C.utf8/LC_TELEPHONE", O_RDONLY|O_CLOEXEC) = 3</usr/lib/locale/C.utf8/LC_TELEPHONE>
79293 openat(AT_FDCWD</home/ecochran76/workspace.local/fsearch>, "/usr/lib/locale/C.UTF-8/LC_ADDRESS", O_RDONLY|O_CLOEXEC) = -1 ENOENT (No such file or directory)
79293 openat(AT_FDCWD</home/ecochran76/workspace.local/fsearch>, "/usr/lib/locale/C.utf8/LC_ADDRESS", O_RDONLY|O_CLOEXEC) = 3</usr/lib/locale/C.utf8/LC_ADDRESS>
79293 openat(AT_FDCWD</home/ecochran76/workspace.local/fsearch>, "/usr/lib/locale/C.UTF-8/LC_NAME", O_RDONLY|O_CLOEXEC) = -1 ENOENT (No such file or directory)
79293 openat(AT_FDCWD</home/ecochran76/workspace.local/fsearch>, "/usr/lib/locale/C.utf8/LC_NAME", O_RDONLY|O_CLOEXEC) = 3</usr/lib/locale/C.utf8/LC_NAME>
79293 openat(AT_FDCWD</home/ecochran76/workspace.local/fsearch>, "/usr/lib/locale/C.UTF-8/LC_PAPER", O_RDONLY|O_CLOEXEC) = -1 ENOENT (No such file or directory)
79293 openat(AT_FDCWD</home/ecochran76/workspace.local/fsearch>, "/usr/lib/locale/C.utf8/LC_PAPER", O_RDONLY|O_CLOEXEC) = 3</usr/lib/locale/C.utf8/LC_PAPER>
79293 openat(AT_FDCWD</home/ecochran76/workspace.local/fsearch>, "/usr/lib/locale/C.UTF-8/LC_MESSAGES", O_RDONLY|O_CLOEXEC) = -1 ENOENT (No such file or directory)
79293 openat(AT_FDCWD</home/ecochran76/workspace.local/fsearch>, "/usr/lib/locale/C.utf8/LC_MESSAGES", O_RDONLY|O_CLOEXEC) = 3</usr/lib/locale/C.utf8/LC_MESSAGES>
79293 openat(AT_FDCWD</home/ecochran76/workspace.local/fsearch>, "/usr/lib/locale/C.utf8/LC_MESSAGES/SYS_LC_MESSAGES", O_RDONLY|O_CLOEXEC) = 3</usr/lib/locale/C.utf8/LC_MESSAGES/SYS_LC_MESSAGES>
79293 openat(AT_FDCWD</home/ecochran76/workspace.local/fsearch>, "/usr/lib/locale/C.UTF-8/LC_MONETARY", O_RDONLY|O_CLOEXEC) = -1 ENOENT (No such file or directory)
79293 openat(AT_FDCWD</home/ecochran76/workspace.local/fsearch>, "/usr/lib/locale/C.utf8/LC_MONETARY", O_RDONLY|O_CLOEXEC) = 3</usr/lib/locale/C.utf8/LC_MONETARY>
79293 openat(AT_FDCWD</home/ecochran76/workspace.local/fsearch>, "/usr/lib/locale/C.UTF-8/LC_COLLATE", O_RDONLY|O_CLOEXEC) = -1 ENOENT (No such file or directory)
79293 openat(AT_FDCWD</home/ecochran76/workspace.local/fsearch>, "/usr/lib/locale/C.utf8/LC_COLLATE", O_RDONLY|O_CLOEXEC) = 3</usr/lib/locale/C.utf8/LC_COLLATE>
79293 openat(AT_FDCWD</home/ecochran76/workspace.local/fsearch>, "/usr/lib/locale/C.UTF-8/LC_TIME", O_RDONLY|O_CLOEXEC) = -1 ENOENT (No such file or directory)
79293 openat(AT_FDCWD</home/ecochran76/workspace.local/fsearch>, "/usr/lib/locale/C.utf8/LC_TIME", O_RDONLY|O_CLOEXEC) = 3</usr/lib/locale/C.utf8/LC_TIME>
79293 openat(AT_FDCWD</home/ecochran76/workspace.local/fsearch>, "/usr/lib/locale/C.UTF-8/LC_NUMERIC", O_RDONLY|O_CLOEXEC) = -1 ENOENT (No such file or directory)
79293 openat(AT_FDCWD</home/ecochran76/workspace.local/fsearch>, "/usr/lib/locale/C.utf8/LC_NUMERIC", O_RDONLY|O_CLOEXEC) = 3</usr/lib/locale/C.utf8/LC_NUMERIC>
79293 openat(AT_FDCWD</home/ecochran76/workspace.local/fsearch>, "/usr/lib/locale/C.UTF-8/LC_CTYPE", O_RDONLY|O_CLOEXEC) = -1 ENOENT (No such file or directory)
79293 openat(AT_FDCWD</home/ecochran76/workspace.local/fsearch>, "/usr/lib/locale/C.utf8/LC_CTYPE", O_RDONLY|O_CLOEXEC) = 3</usr/lib/locale/C.utf8/LC_CTYPE>
79293 execve("/usr/lib/wsl/lib/python3", ["python3", "/tmp/fsearch-warm-release-build/src/fsearch-service", "serve", "--socket", "/tmp/fsearch-replace-trace-vm797boj/search.sock", "--database", "/tmp/fsearch-replace-trace-vm797boj/snapshot.db"], 0x7ffd23c0e910 /* 259 vars */) = -1 ENOENT (No such file or directory)
79293 execve("/home/ecochran76/.local/bin/python3", ["python3", "/tmp/fsearch-warm-release-build/src/fsearch-service", "serve", "--socket", "/tmp/fsearch-replace-trace-vm797boj/search.sock", "--database", "/tmp/fsearch-replace-trace-vm797boj/snapshot.db"], 0x7ffd23c0e910 /* 259 vars */) = 0
79293 access("/etc/ld.so.preload", R_OK) = -1 ENOENT (No such file or directory)
79293 openat(AT_FDCWD</home/ecochran76/workspace.local/fsearch>, "/etc/ld.so.cache", O_RDONLY|O_CLOEXEC) = 3</etc/ld.so.cache>
79293 openat(AT_FDCWD</home/ecochran76/workspace.local/fsearch>, "/lib/x86_64-linux-gnu/libc.so.6", O_RDONLY|O_CLOEXEC) = 3</usr/lib/x86_64-linux-gnu/libc.so.6>
79293 openat(AT_FDCWD</home/ecochran76/workspace.local/fsearch>, "/usr/lib/locale/locale-archive", O_RDONLY|O_CLOEXEC) = -1 ENOENT (No such file or directory)
79293 openat(AT_FDCWD</home/ecochran76/workspace.local/fsearch>, "/usr/share/locale/locale.alias", O_RDONLY|O_CLOEXEC) = 3</etc/locale.alias>
79293 openat(AT_FDCWD</home/ecochran76/workspace.local/fsearch>, "/usr/lib/locale/C.UTF-8/LC_IDENTIFICATION", O_RDONLY|O_CLOEXEC) = -1 ENOENT (No such file or directory)
79293 openat(AT_FDCWD</home/ecochran76/workspace.local/fsearch>, "/usr/lib/locale/C.utf8/LC_IDENTIFICATION", O_RDONLY|O_CLOEXEC) = 3</usr/lib/locale/C.utf8/LC_IDENTIFICATION>
79293 openat(AT_FDCWD</home/ecochran76/workspace.local/fsearch>, "/usr/lib/x86_64-linux-gnu/gconv/gconv-modules.cache", O_RDONLY|O_CLOEXEC) = 3</usr/lib/x86_64-linux-gnu/gconv/gconv-modules.cache>
79293 openat(AT_FDCWD</home/ecochran76/workspace.local/fsearch>, "/usr/lib/locale/C.UTF-8/LC_MEASUREMENT", O_RDONLY|O_CLOEXEC) = -1 ENOENT (No such file or directory)
79293 openat(AT_FDCWD</home/ecochran76/workspace.local/fsearch>, "/usr/lib/locale/C.utf8/LC_MEASUREMENT", O_RDONLY|O_CLOEXEC) = 3</usr/lib/locale/C.utf8/LC_MEASUREMENT>
79293 openat(AT_FDCWD</home/ecochran76/workspace.local/fsearch>, "/usr/lib/locale/C.UTF-8/LC_TELEPHONE", O_RDONLY|O_CLOEXEC) = -1 ENOENT (No such file or directory)
79293 openat(AT_FDCWD</home/ecochran76/workspace.local/fsearch>, "/usr/lib/locale/C.utf8/LC_TELEPHONE", O_RDONLY|O_CLOEXEC) = 3</usr/lib/locale/C.utf8/LC_TELEPHONE>
79293 openat(AT_FDCWD</home/ecochran76/workspace.local/fsearch>, "/usr/lib/locale/C.UTF-8/LC_ADDRESS", O_RDONLY|O_CLOEXEC) = -1 ENOENT (No such file or directory)
79293 openat(AT_FDCWD</home/ecochran76/workspace.local/fsearch>, "/usr/lib/locale/C.utf8/LC_ADDRESS", O_RDONLY|O_CLOEXEC) = 3</usr/lib/locale/C.utf8/LC_ADDRESS>
79293 openat(AT_FDCWD</home/ecochran76/workspace.local/fsearch>, "/usr/lib/locale/C.UTF-8/LC_NAME", O_RDONLY|O_CLOEXEC) = -1 ENOENT (No such file or directory)
79293 openat(AT_FDCWD</home/ecochran76/workspace.local/fsearch>, "/usr/lib/locale/C.utf8/LC_NAME", O_RDONLY|O_CLOEXEC) = 3</usr/lib/locale/C.utf8/LC_NAME>
79293 openat(AT_FDCWD</home/ecochran76/workspace.local/fsearch>, "/usr/lib/locale/C.UTF-8/LC_PAPER", O_RDONLY|O_CLOEXEC) = -1 ENOENT (No such file or directory)
79293 openat(AT_FDCWD</home/ecochran76/workspace.local/fsearch>, "/usr/lib/locale/C.utf8/LC_PAPER", O_RDONLY|O_CLOEXEC) = 3</usr/lib/locale/C.utf8/LC_PAPER>
79293 openat(AT_FDCWD</home/ecochran76/workspace.local/fsearch>, "/usr/lib/locale/C.UTF-8/LC_MESSAGES", O_RDONLY|O_CLOEXEC) = -1 ENOENT (No such file or directory)
79293 openat(AT_FDCWD</home/ecochran76/workspace.local/fsearch>, "/usr/lib/locale/C.utf8/LC_MESSAGES", O_RDONLY|O_CLOEXEC) = 3</usr/lib/locale/C.utf8/LC_MESSAGES>
79293 openat(AT_FDCWD</home/ecochran76/workspace.local/fsearch>, "/usr/lib/locale/C.utf8/LC_MESSAGES/SYS_LC_MESSAGES", O_RDONLY|O_CLOEXEC) = 3</usr/lib/locale/C.utf8/LC_MESSAGES/SYS_LC_MESSAGES>
79293 openat(AT_FDCWD</home/ecochran76/workspace.local/fsearch>, "/usr/lib/locale/C.UTF-8/LC_MONETARY", O_RDONLY|O_CLOEXEC) = -1 ENOENT (No such file or directory)
79293 openat(AT_FDCWD</home/ecochran76/workspace.local/fsearch>, "/usr/lib/locale/C.utf8/LC_MONETARY", O_RDONLY|O_CLOEXEC) = 3</usr/lib/locale/C.utf8/LC_MONETARY>
79293 openat(AT_FDCWD</home/ecochran76/workspace.local/fsearch>, "/usr/lib/locale/C.UTF-8/LC_COLLATE", O_RDONLY|O_CLOEXEC) = -1 ENOENT (No such file or directory)
79293 openat(AT_FDCWD</home/ecochran76/workspace.local/fsearch>, "/usr/lib/locale/C.utf8/LC_COLLATE", O_RDONLY|O_CLOEXEC) = 3</usr/lib/locale/C.utf8/LC_COLLATE>
79293 openat(AT_FDCWD</home/ecochran76/workspace.local/fsearch>, "/usr/lib/locale/C.UTF-8/LC_TIME", O_RDONLY|O_CLOEXEC) = -1 ENOENT (No such file or directory)
79293 openat(AT_FDCWD</home/ecochran76/workspace.local/fsearch>, "/usr/lib/locale/C.utf8/LC_TIME", O_RDONLY|O_CLOEXEC) = 3</usr/lib/locale/C.utf8/LC_TIME>
79293 openat(AT_FDCWD</home/ecochran76/workspace.local/fsearch>, "/usr/lib/locale/C.UTF-8/LC_NUMERIC", O_RDONLY|O_CLOEXEC) = -1 ENOENT (No such file or directory)
79293 openat(AT_FDCWD</home/ecochran76/workspace.local/fsearch>, "/usr/lib/locale/C.utf8/LC_NUMERIC", O_RDONLY|O_CLOEXEC) = 3</usr/lib/locale/C.utf8/LC_NUMERIC>
79293 openat(AT_FDCWD</home/ecochran76/workspace.local/fsearch>, "/usr/lib/locale/C.UTF-8/LC_CTYPE", O_RDONLY|O_CLOEXEC) = -1 ENOENT (No such file or directory)
79293 openat(AT_FDCWD</home/ecochran76/workspace.local/fsearch>, "/usr/lib/locale/C.utf8/LC_CTYPE", O_RDONLY|O_CLOEXEC) = 3</usr/lib/locale/C.utf8/LC_CTYPE>
79293 execve("/usr/lib/wsl/lib/bash", ["bash", "/home/ecochran76/.local/bin/python3", "/tmp/fsearch-warm-release-build/src/fsearch-service", "serve", "--socket", "/tmp/fsearch-replace-trace-vm797boj/search.sock", "--database", "/tmp/fsearch-replace-trace-vm797boj/snapshot.db"], 0x7ffc9ac354c8 /* 259 vars */) = -1 ENOENT (No such file or directory)
79293 execve("/home/ecochran76/.local/bin/bash", ["bash", "/home/ecochran76/.local/bin/python3", "/tmp/fsearch-warm-release-build/src/fsearch-service", "serve", "--socket", "/tmp/fsearch-replace-trace-vm797boj/search.sock", "--database", "/tmp/fsearch-replace-trace-vm797boj/snapshot.db"], 0x7ffc9ac354c8 /* 259 vars */) = -1 ENOENT (No such file or directory)
79293 execve("/home/ecochran76/.codex/packages/standalone/releases/0.160.0-x86_64-unknown-linux-musl/codex-path/bash", ["bash", "/home/ecochran76/.local/bin/python3", "/tmp/fsearch-warm-release-build/src/fsearch-service", "serve", "--socket", "/tmp/fsearch-replace-trace-vm797boj/search.sock", "--database", "/tmp/fsearch-replace-trace-vm797boj/snapshot.db"], 0x7ffc9ac354c8 /* 259 vars */) = -1 ENOENT (No such file or directory)
79293 execve("/home/ecochran76/.codex/tmp/arg0/codex-arg0nUyJmW/bash", ["bash", "/home/ecochran76/.local/bin/python3", "/tmp/fsearch-warm-release-build/src/fsearch-service", "serve", "--socket", "/tmp/fsearch-replace-trace-vm797boj/search.sock", "--database", "/tmp/fsearch-replace-trace-vm797boj/snapshot.db"], 0x7ffc9ac354c8 /* 259 vars */) = -1 ENOENT (No such file or directory)
79293 execve("/home/ecochran76/.codex/tmp/arg0/codex-arg0XlCntE/bash", ["bash", "/home/ecochran76/.local/bin/python3", "/tmp/fsearch-warm-release-build/src/fsearch-service", "serve", "--socket", "/tmp/fsearch-replace-trace-vm797boj/search.sock", "--database", "/tmp/fsearch-replace-trace-vm797boj/snapshot.db"], 0x7ffc9ac354c8 /* 259 vars */) = -1 ENOENT (No such file or directory)
79293 execve("/home/ecochran76/.grok/bin/bash", ["bash", "/home/ecochran76/.local/bin/python3", "/tmp/fsearch-warm-release-build/src/fsearch-service", "serve", "--socket", "/tmp/fsearch-replace-trace-vm797boj/search.sock", "--database", "/tmp/fsearch-replace-trace-vm797boj/snapshot.db"], 0x7ffc9ac354c8 /* 259 vars */) = -1 ENOENT (No such file or directory)
79293 execve("/home/ecochran76/.cargo/bin/bash", ["bash", "/home/ecochran76/.local/bin/python3", "/tmp/fsearch-warm-release-build/src/fsearch-service", "serve", "--socket", "/tmp/fsearch-replace-trace-vm797boj/search.sock", "--database", "/tmp/fsearch-replace-trace-vm797boj/snapshot.db"], 0x7ffc9ac354c8 /* 259 vars */) = -1 ENOENT (No such file or directory)
79293 execve("/home/ecochran76/.local/share/pnpm/bash", ["bash", "/home/ecochran76/.local/bin/python3", "/tmp/fsearch-warm-release-build/src/fsearch-service", "serve", "--socket", "/tmp/fsearch-replace-trace-vm797boj/search.sock", "--database", "/tmp/fsearch-replace-trace-vm797boj/snapshot.db"], 0x7ffc9ac354c8 /* 259 vars */) = -1 ENOENT (No such file or directory)
79293 execve("/home/linuxbrew/.linuxbrew/sbin/bash", ["bash", "/home/ecochran76/.local/bin/python3", "/tmp/fsearch-warm-release-build/src/fsearch-service", "serve", "--socket", "/tmp/fsearch-replace-trace-vm797boj/search.sock", "--database", "/tmp/fsearch-replace-trace-vm797boj/snapshot.db"], 0x7ffc9ac354c8 /* 259 vars */) = -1 ENOENT (No such file or directory)
79293 execve("/home/linuxbrew/.linuxbrew/bin/bash", ["bash", "/home/ecochran76/.local/bin/python3", "/tmp/fsearch-warm-release-build/src/fsearch-service", "serve", "--socket", "/tmp/fsearch-replace-trace-vm797boj/search.sock", "--database", "/tmp/fsearch-replace-trace-vm797boj/snapshot.db"], 0x7ffc9ac354c8 /* 259 vars */) = -1 ENOENT (No such file or directory)
79293 execve("/home/ecochran76/go/bin/bash", ["bash", "/home/ecochran76/.local/bin/python3", "/tmp/fsearch-warm-release-build/src/fsearch-service", "serve", "--socket", "/tmp/fsearch-replace-trace-vm797boj/search.sock", "--database", "/tmp/fsearch-replace-trace-vm797boj/snapshot.db"], 0x7ffc9ac354c8 /* 259 vars */) = -1 ENOENT (No such file or directory)
79293 execve("/usr/local/go/bin/bash", ["bash", "/home/ecochran76/.local/bin/python3", "/tmp/fsearch-warm-release-build/src/fsearch-service", "serve", "--socket", "/tmp/fsearch-replace-trace-vm797boj/search.sock", "--database", "/tmp/fsearch-replace-trace-vm797boj/snapshot.db"], 0x7ffc9ac354c8 /* 259 vars */) = -1 ENOENT (No such file or directory)
79293 execve("/usr/local/sbin/bash", ["bash", "/home/ecochran76/.local/bin/python3", "/tmp/fsearch-warm-release-build/src/fsearch-service", "serve", "--socket", "/tmp/fsearch-replace-trace-vm797boj/search.sock", "--database", "/tmp/fsearch-replace-trace-vm797boj/snapshot.db"], 0x7ffc9ac354c8 /* 259 vars */) = -1 ENOENT (No such file or directory)
79293 execve("/usr/local/bin/bash", ["bash", "/home/ecochran76/.local/bin/python3", "/tmp/fsearch-warm-release-build/src/fsearch-service", "serve", "--socket", "/tmp/fsearch-replace-trace-vm797boj/search.sock", "--database", "/tmp/fsearch-replace-trace-vm797boj/snapshot.db"], 0x7ffc9ac354c8 /* 259 vars */) = -1 ENOENT (No such file or directory)
79293 execve("/usr/sbin/bash", ["bash", "/home/ecochran76/.local/bin/python3", "/tmp/fsearch-warm-release-build/src/fsearch-service", "serve", "--socket", "/tmp/fsearch-replace-trace-vm797boj/search.sock", "--database", "/tmp/fsearch-replace-trace-vm797boj/snapshot.db"], 0x7ffc9ac354c8 /* 259 vars */) = -1 ENOENT (No such file or directory)
79293 execve("/usr/bin/bash", ["bash", "/home/ecochran76/.local/bin/python3", "/tmp/fsearch-warm-release-build/src/fsearch-service", "serve", "--socket", "/tmp/fsearch-replace-trace-vm797boj/search.sock", "--database", "/tmp/fsearch-replace-trace-vm797boj/snapshot.db"], 0x7ffc9ac354c8 /* 259 vars */) = 0
79293 access("/etc/ld.so.preload", R_OK) = -1 ENOENT (No such file or directory)
79293 openat(AT_FDCWD</home/ecochran76/workspace.local/fsearch>, "/etc/ld.so.cache", O_RDONLY|O_CLOEXEC) = 3</etc/ld.so.cache>
79293 openat(AT_FDCWD</home/ecochran76/workspace.local/fsearch>, "/lib/x86_64-linux-gnu/libtinfo.so.6", O_RDONLY|O_CLOEXEC) = 3</usr/lib/x86_64-linux-gnu/libtinfo.so.6.4>
79293 openat(AT_FDCWD</home/ecochran76/workspace.local/fsearch>, "/lib/x86_64-linux-gnu/libc.so.6", O_RDONLY|O_CLOEXEC) = 3</usr/lib/x86_64-linux-gnu/libc.so.6>
79293 openat(AT_FDCWD</home/ecochran76/workspace.local/fsearch>, "/dev/tty", O_RDWR|O_NONBLOCK) = -1 ENXIO (No such device or address)
79293 openat(AT_FDCWD</home/ecochran76/workspace.local/fsearch>, "/usr/lib/locale/locale-archive", O_RDONLY|O_CLOEXEC) = -1 ENOENT (No such file or directory)
79293 openat(AT_FDCWD</home/ecochran76/workspace.local/fsearch>, "/usr/share/locale/locale.alias", O_RDONLY|O_CLOEXEC) = 3</etc/locale.alias>
79293 openat(AT_FDCWD</home/ecochran76/workspace.local/fsearch>, "/usr/lib/locale/C.UTF-8/LC_IDENTIFICATION", O_RDONLY|O_CLOEXEC) = -1 ENOENT (No such file or directory)
79293 openat(AT_FDCWD</home/ecochran76/workspace.local/fsearch>, "/usr/lib/locale/C.utf8/LC_IDENTIFICATION", O_RDONLY|O_CLOEXEC) = 3</usr/lib/locale/C.utf8/LC_IDENTIFICATION>
79293 openat(AT_FDCWD</home/ecochran76/workspace.local/fsearch>, "/usr/lib/x86_64-linux-gnu/gconv/gconv-modules.cache", O_RDONLY|O_CLOEXEC) = 3</usr/lib/x86_64-linux-gnu/gconv/gconv-modules.cache>
79293 openat(AT_FDCWD</home/ecochran76/workspace.local/fsearch>, "/usr/lib/locale/C.UTF-8/LC_MEASUREMENT", O_RDONLY|O_CLOEXEC) = -1 ENOENT (No such file or directory)
79293 openat(AT_FDCWD</home/ecochran76/workspace.local/fsearch>, "/usr/lib/locale/C.utf8/LC_MEASUREMENT", O_RDONLY|O_CLOEXEC) = 3</usr/lib/locale/C.utf8/LC_MEASUREMENT>
79293 openat(AT_FDCWD</home/ecochran76/workspace.local/fsearch>, "/usr/lib/locale/C.UTF-8/LC_TELEPHONE", O_RDONLY|O_CLOEXEC) = -1 ENOENT (No such file or directory)
79293 openat(AT_FDCWD</home/ecochran76/workspace.local/fsearch>, "/usr/lib/locale/C.utf8/LC_TELEPHONE", O_RDONLY|O_CLOEXEC) = 3</usr/lib/locale/C.utf8/LC_TELEPHONE>
79293 openat(AT_FDCWD</home/ecochran76/workspace.local/fsearch>, "/usr/lib/locale/C.UTF-8/LC_ADDRESS", O_RDONLY|O_CLOEXEC) = -1 ENOENT (No such file or directory)
79293 openat(AT_FDCWD</home/ecochran76/workspace.local/fsearch>, "/usr/lib/locale/C.utf8/LC_ADDRESS", O_RDONLY|O_CLOEXEC) = 3</usr/lib/locale/C.utf8/LC_ADDRESS>
79293 openat(AT_FDCWD</home/ecochran76/workspace.local/fsearch>, "/usr/lib/locale/C.UTF-8/LC_NAME", O_RDONLY|O_CLOEXEC) = -1 ENOENT (No such file or directory)
79293 openat(AT_FDCWD</home/ecochran76/workspace.local/fsearch>, "/usr/lib/locale/C.utf8/LC_NAME", O_RDONLY|O_CLOEXEC) = 3</usr/lib/locale/C.utf8/LC_NAME>
79293 openat(AT_FDCWD</home/ecochran76/workspace.local/fsearch>, "/usr/lib/locale/C.UTF-8/LC_PAPER", O_RDONLY|O_CLOEXEC) = -1 ENOENT (No such file or directory)
79293 openat(AT_FDCWD</home/ecochran76/workspace.local/fsearch>, "/usr/lib/locale/C.utf8/LC_PAPER", O_RDONLY|O_CLOEXEC) = 3</usr/lib/locale/C.utf8/LC_PAPER>
79293 openat(AT_FDCWD</home/ecochran76/workspace.local/fsearch>, "/usr/lib/locale/C.UTF-8/LC_MESSAGES", O_RDONLY|O_CLOEXEC) = -1 ENOENT (No such file or directory)
79293 openat(AT_FDCWD</home/ecochran76/workspace.local/fsearch>, "/usr/lib/locale/C.utf8/LC_MESSAGES", O_RDONLY|O_CLOEXEC) = 3</usr/lib/locale/C.utf8/LC_MESSAGES>
79293 openat(AT_FDCWD</home/ecochran76/workspace.local/fsearch>, "/usr/lib/locale/C.utf8/LC_MESSAGES/SYS_LC_MESSAGES", O_RDONLY|O_CLOEXEC) = 3</usr/lib/locale/C.utf8/LC_MESSAGES/SYS_LC_MESSAGES>
79293 openat(AT_FDCWD</home/ecochran76/workspace.local/fsearch>, "/usr/lib/locale/C.UTF-8/LC_MONETARY", O_RDONLY|O_CLOEXEC) = -1 ENOENT (No such file or directory)
79293 openat(AT_FDCWD</home/ecochran76/workspace.local/fsearch>, "/usr/lib/locale/C.utf8/LC_MONETARY", O_RDONLY|O_CLOEXEC) = 3</usr/lib/locale/C.utf8/LC_MONETARY>
79293 openat(AT_FDCWD</home/ecochran76/workspace.local/fsearch>, "/usr/lib/locale/C.UTF-8/LC_COLLATE", O_RDONLY|O_CLOEXEC) = -1 ENOENT (No such file or directory)
79293 openat(AT_FDCWD</home/ecochran76/workspace.local/fsearch>, "/usr/lib/locale/C.utf8/LC_COLLATE", O_RDONLY|O_CLOEXEC) = 3</usr/lib/locale/C.utf8/LC_COLLATE>
79293 openat(AT_FDCWD</home/ecochran76/workspace.local/fsearch>, "/usr/lib/locale/C.UTF-8/LC_TIME", O_RDONLY|O_CLOEXEC) = -1 ENOENT (No such file or directory)
79293 openat(AT_FDCWD</home/ecochran76/workspace.local/fsearch>, "/usr/lib/locale/C.utf8/LC_TIME", O_RDONLY|O_CLOEXEC) = 3</usr/lib/locale/C.utf8/LC_TIME>
79293 openat(AT_FDCWD</home/ecochran76/workspace.local/fsearch>, "/usr/lib/locale/C.UTF-8/LC_NUMERIC", O_RDONLY|O_CLOEXEC) = -1 ENOENT (No such file or directory)
79293 openat(AT_FDCWD</home/ecochran76/workspace.local/fsearch>, "/usr/lib/locale/C.utf8/LC_NUMERIC", O_RDONLY|O_CLOEXEC) = 3</usr/lib/locale/C.utf8/LC_NUMERIC>
79293 openat(AT_FDCWD</home/ecochran76/workspace.local/fsearch>, "/usr/lib/locale/C.UTF-8/LC_CTYPE", O_RDONLY|O_CLOEXEC) = -1 ENOENT (No such file or directory)
79293 openat(AT_FDCWD</home/ecochran76/workspace.local/fsearch>, "/usr/lib/locale/C.utf8/LC_CTYPE", O_RDONLY|O_CLOEXEC) = 3</usr/lib/locale/C.utf8/LC_CTYPE>
79293 newfstatat(AT_FDCWD</home/ecochran76/workspace.local/fsearch>, "/home/ecochran76/workspace.local/fsearch", {st_mode=S_IFDIR|0700, st_size=4096, ...}, 0) = 0
79293 newfstatat(AT_FDCWD</home/ecochran76/workspace.local/fsearch>, ".", {st_mode=S_IFDIR|0700, st_size=4096, ...}, 0) = 0
79293 newfstatat(AT_FDCWD</home/ecochran76/workspace.local/fsearch>, "/home", {st_mode=S_IFDIR|0755, st_size=4096, ...}, 0) = 0
79293 newfstatat(AT_FDCWD</home/ecochran76/workspace.local/fsearch>, "/home/ecochran76", {st_mode=S_IFDIR|0750, st_size=12288, ...}, 0) = 0
79293 newfstatat(AT_FDCWD</home/ecochran76/workspace.local/fsearch>, "/home/ecochran76/workspace.local", {st_mode=S_IFDIR|0755, st_size=28672, ...}, 0) = 0
79293 newfstatat(AT_FDCWD</home/ecochran76/workspace.local/fsearch>, "/home/ecochran76/workspace.local/fsearch", {st_mode=S_IFDIR|0700, st_size=4096, ...}, 0) = 0
79293 newfstatat(AT_FDCWD</home/ecochran76/workspace.local/fsearch>, "/home/ecochran76/workspace.local/fsearch", {st_mode=S_IFDIR|0700, st_size=4096, ...}, 0) = 0
79293 newfstatat(AT_FDCWD</home/ecochran76/workspace.local/fsearch>, ".", {st_mode=S_IFDIR|0700, st_size=4096, ...}, 0) = 0
79293 newfstatat(AT_FDCWD</home/ecochran76/workspace.local/fsearch>, "/usr/lib/wsl/lib/bash", 0x7fffdabdfe30, 0) = -1 ENOENT (No such file or directory)
79293 newfstatat(AT_FDCWD</home/ecochran76/workspace.local/fsearch>, "/home/ecochran76/.local/bin/bash", 0x7fffdabdfe30, 0) = -1 ENOENT (No such file or directory)
79293 newfstatat(AT_FDCWD</home/ecochran76/workspace.local/fsearch>, "/home/ecochran76/.codex/packages/standalone/releases/0.160.0-x86_64-unknown-linux-musl/codex-path/bash", 0x7fffdabdfe30, 0) = -1 ENOENT (No such file or directory)
79293 newfstatat(AT_FDCWD</home/ecochran76/workspace.local/fsearch>, "/home/ecochran76/.codex/tmp/arg0/codex-arg0nUyJmW/bash", 0x7fffdabdfe30, 0) = -1 ENOENT (No such file or directory)
79293 newfstatat(AT_FDCWD</home/ecochran76/workspace.local/fsearch>, "/home/ecochran76/.codex/tmp/arg0/codex-arg0XlCntE/bash", 0x7fffdabdfe30, 0) = -1 ENOENT (No such file or directory)
79293 newfstatat(AT_FDCWD</home/ecochran76/workspace.local/fsearch>, "/home/ecochran76/.grok/bin/bash", 0x7fffdabdfe30, 0) = -1 ENOENT (No such file or directory)
79293 newfstatat(AT_FDCWD</home/ecochran76/workspace.local/fsearch>, "/home/ecochran76/.cargo/bin/bash", 0x7fffdabdfe30, 0) = -1 ENOENT (No such file or directory)
79293 newfstatat(AT_FDCWD</home/ecochran76/workspace.local/fsearch>, "/home/ecochran76/.local/share/pnpm/bash", 0x7fffdabdfe30, 0) = -1 ENOENT (No such file or directory)
79293 newfstatat(AT_FDCWD</home/ecochran76/workspace.local/fsearch>, "/home/linuxbrew/.linuxbrew/sbin/bash", 0x7fffdabdfe30, 0) = -1 ENOENT (No such file or directory)
79293 newfstatat(AT_FDCWD</home/ecochran76/workspace.local/fsearch>, "/home/linuxbrew/.linuxbrew/bin/bash", 0x7fffdabdfe30, 0) = -1 ENOENT (No such file or directory)
79293 newfstatat(AT_FDCWD</home/ecochran76/workspace.local/fsearch>, "/home/ecochran76/go/bin/bash", 0x7fffdabdfe30, 0) = -1 ENOENT (No such file or directory)
79293 newfstatat(AT_FDCWD</home/ecochran76/workspace.local/fsearch>, "/usr/local/go/bin/bash", 0x7fffdabdfe30, 0) = -1 ENOENT (No such file or directory)
79293 newfstatat(AT_FDCWD</home/ecochran76/workspace.local/fsearch>, "/usr/local/sbin/bash", 0x7fffdabdfe30, 0) = -1 ENOENT (No such file or directory)
79293 newfstatat(AT_FDCWD</home/ecochran76/workspace.local/fsearch>, "/usr/local/bin/bash", 0x7fffdabdfe30, 0) = -1 ENOENT (No such file or directory)
79293 newfstatat(AT_FDCWD</home/ecochran76/workspace.local/fsearch>, "/usr/sbin/bash", 0x7fffdabdfe30, 0) = -1 ENOENT (No such file or directory)
79293 newfstatat(AT_FDCWD</home/ecochran76/workspace.local/fsearch>, "/usr/bin/bash", {st_mode=S_IFREG|0755, st_size=1446024, ...}, 0) = 0
79293 newfstatat(AT_FDCWD</home/ecochran76/workspace.local/fsearch>, "/usr/bin/bash", {st_mode=S_IFREG|0755, st_size=1446024, ...}, 0) = 0
79293 access("/usr/bin/bash", X_OK)     = 0
79293 newfstatat(AT_FDCWD</home/ecochran76/workspace.local/fsearch>, "/usr/bin/bash", {st_mode=S_IFREG|0755, st_size=1446024, ...}, 0) = 0
79293 access("/usr/bin/bash", R_OK)     = 0
79293 openat(AT_FDCWD</home/ecochran76/workspace.local/fsearch>, "/home/ecochran76/.local/bin/python3", O_RDONLY) = 3</mnt/c/Users/ecoch/workspace/ubuntu/common/home/.local/bin/python3>
79293 newfstatat(AT_FDCWD</home/ecochran76/workspace.local/fsearch>, "/home/ecochran76/.local/bin/python3", {st_mode=S_IFREG|0777, st_size=135, ...}, 0) = 0
79293 openat(AT_FDCWD</home/ecochran76/workspace.local/fsearch>, "/dev/null", O_WRONLY|O_CREAT|O_TRUNC, 0666) = 3</dev/null<char 1:3>>
79293 newfstatat(AT_FDCWD</home/ecochran76/workspace.local/fsearch>, ".", {st_mode=S_IFDIR|0700, st_size=4096, ...}, 0) = 0
79293 newfstatat(AT_FDCWD</home/ecochran76/workspace.local/fsearch>, "/usr/lib/wsl/lib/python3.12", 0x7fffdabdfb30, 0) = -1 ENOENT (No such file or directory)
79293 newfstatat(AT_FDCWD</home/ecochran76/workspace.local/fsearch>, "/home/ecochran76/.local/bin/python3.12", {st_mode=S_IFREG|0775, st_size=27770824, ...}, 0) = 0
79293 newfstatat(AT_FDCWD</home/ecochran76/workspace.local/fsearch>, "/home/ecochran76/.local/bin/python3.12", {st_mode=S_IFREG|0775, st_size=27770824, ...}, 0) = 0
79293 access("/home/ecochran76/.local/bin/python3.12", X_OK) = 0
79293 newfstatat(AT_FDCWD</home/ecochran76/workspace.local/fsearch>, "/home/ecochran76/.local/bin/python3.12", {st_mode=S_IFREG|0775, st_size=27770824, ...}, 0) = 0
79293 access("/home/ecochran76/.local/bin/python3.12", R_OK) = 0
79293 newfstatat(AT_FDCWD</home/ecochran76/workspace.local/fsearch>, ".", {st_mode=S_IFDIR|0700, st_size=4096, ...}, 0) = 0
79293 newfstatat(AT_FDCWD</home/ecochran76/workspace.local/fsearch>, "/usr/lib/wsl/lib/python3.12", 0x7fffdabdfa90, 0) = -1 ENOENT (No such file or directory)
79293 newfstatat(AT_FDCWD</home/ecochran76/workspace.local/fsearch>, "/home/ecochran76/.local/bin/python3.12", {st_mode=S_IFREG|0775, st_size=27770824, ...}, 0) = 0
79293 newfstatat(AT_FDCWD</home/ecochran76/workspace.local/fsearch>, "/home/ecochran76/.local/bin/python3.12", {st_mode=S_IFREG|0775, st_size=27770824, ...}, 0) = 0
79293 access("/home/ecochran76/.local/bin/python3.12", X_OK) = 0
79293 newfstatat(AT_FDCWD</home/ecochran76/workspace.local/fsearch>, "/home/ecochran76/.local/bin/python3.12", {st_mode=S_IFREG|0775, st_size=27770824, ...}, 0) = 0
79293 access("/home/ecochran76/.local/bin/python3.12", R_OK) = 0
79293 execve("/home/ecochran76/.local/bin/python3.12", ["python3.12", "/tmp/fsearch-warm-release-build/src/fsearch-service", "serve", "--socket", "/tmp/fsearch-replace-trace-vm797boj/search.sock", "--database", "/tmp/fsearch-replace-trace-vm797boj/snapshot.db"], 0x62dd97286690 /* 259 vars */) = 0
79293 readlinkat(AT_FDCWD</home/ecochran76/workspace.local/fsearch>, "/proc/self/exe", "/home/ecochran76/.local/share/uv/python/cpython-3.12.13-linux-x86_64-gnu/bin/python3.12", 4096) = 87
79293 access("/etc/ld.so.preload", R_OK) = -1 ENOENT (No such file or directory)
79293 openat(AT_FDCWD</home/ecochran76/workspace.local/fsearch>, "/home/ecochran76/.local/share/uv/python/cpython-3.12.13-linux-x86_64-gnu/bin/../lib/glibc-hwcaps/x86-64-v4/libpthread.so.0", O_RDONLY|O_CLOEXEC) = -1 ENOENT (No such file or directory)
79293 newfstatat(AT_FDCWD</home/ecochran76/workspace.local/fsearch>, "/home/ecochran76/.local/share/uv/python/cpython-3.12.13-linux-x86_64-gnu/bin/../lib/glibc-hwcaps/x86-64-v4/", 0x7fff495635a0, 0) = -1 ENOENT (No such file or directory)
79293 openat(AT_FDCWD</home/ecochran76/workspace.local/fsearch>, "/home/ecochran76/.local/share/uv/python/cpython-3.12.13-linux-x86_64-gnu/bin/../lib/glibc-hwcaps/x86-64-v3/libpthread.so.0", O_RDONLY|O_CLOEXEC) = -1 ENOENT (No such file or directory)
79293 newfstatat(AT_FDCWD</home/ecochran76/workspace.local/fsearch>, "/home/ecochran76/.local/share/uv/python/cpython-3.12.13-linux-x86_64-gnu/bin/../lib/glibc-hwcaps/x86-64-v3/", 0x7fff495635a0, 0) = -1 ENOENT (No such file or directory)
79293 openat(AT_FDCWD</home/ecochran76/workspace.local/fsearch>, "/home/ecochran76/.local/share/uv/python/cpython-3.12.13-linux-x86_64-gnu/bin/../lib/glibc-hwcaps/x86-64-v2/libpthread.so.0", O_RDONLY|O_CLOEXEC) = -1 ENOENT (No such file or directory)
79293 newfstatat(AT_FDCWD</home/ecochran76/workspace.local/fsearch>, "/home/ecochran76/.local/share/uv/python/cpython-3.12.13-linux-x86_64-gnu/bin/../lib/glibc-hwcaps/x86-64-v2/", 0x7fff495635a0, 0) = -1 ENOENT (No such file or directory)
79293 openat(AT_FDCWD</home/ecochran76/workspace.local/fsearch>, "/home/ecochran76/.local/share/uv/python/cpython-3.12.13-linux-x86_64-gnu/bin/../lib/libpthread.so.0", O_RDONLY|O_CLOEXEC) = -1 ENOENT (No such file or directory)
79293 newfstatat(AT_FDCWD</home/ecochran76/workspace.local/fsearch>, "/home/ecochran76/.local/share/uv/python/cpython-3.12.13-linux-x86_64-gnu/bin/../lib/", {st_mode=S_IFDIR|0775, st_size=4096, ...}, 0) = 0
79293 openat(AT_FDCWD</home/ecochran76/workspace.local/fsearch>, "/etc/ld.so.cache", O_RDONLY|O_CLOEXEC) = 3</etc/ld.so.cache>
79293 openat(AT_FDCWD</home/ecochran76/workspace.local/fsearch>, "/lib/x86_64-linux-gnu/libpthread.so.0", O_RDONLY|O_CLOEXEC) = 3</usr/lib/x86_64-linux-gnu/libpthread.so.0>
79293 openat(AT_FDCWD</home/ecochran76/workspace.local/fsearch>, "/home/ecochran76/.local/share/uv/python/cpython-3.12.13-linux-x86_64-gnu/bin/../lib/libdl.so.2", O_RDONLY|O_CLOEXEC) = -1 ENOENT (No such file or directory)
79293 openat(AT_FDCWD</home/ecochran76/workspace.local/fsearch>, "/lib/x86_64-linux-gnu/libdl.so.2", O_RDONLY|O_CLOEXEC) = 3</usr/lib/x86_64-linux-gnu/libdl.so.2>
79293 openat(AT_FDCWD</home/ecochran76/workspace.local/fsearch>, "/home/ecochran76/.local/share/uv/python/cpython-3.12.13-linux-x86_64-gnu/bin/../lib/libutil.so.1", O_RDONLY|O_CLOEXEC) = -1 ENOENT (No such file or directory)
79293 openat(AT_FDCWD</home/ecochran76/workspace.local/fsearch>, "/lib/x86_64-linux-gnu/libutil.so.1", O_RDONLY|O_CLOEXEC) = 3</usr/lib/x86_64-linux-gnu/libutil.so.1>
79293 openat(AT_FDCWD</home/ecochran76/workspace.local/fsearch>, "/home/ecochran76/.local/share/uv/python/cpython-3.12.13-linux-x86_64-gnu/bin/../lib/librt.so.1", O_RDONLY|O_CLOEXEC) = -1 ENOENT (No such file or directory)
79293 openat(AT_FDCWD</home/ecochran76/workspace.local/fsearch>, "/lib/x86_64-linux-gnu/librt.so.1", O_RDONLY|O_CLOEXEC) = 3</usr/lib/x86_64-linux-gnu/librt.so.1>
79293 openat(AT_FDCWD</home/ecochran76/workspace.local/fsearch>, "/home/ecochran76/.local/share/uv/python/cpython-3.12.13-linux-x86_64-gnu/bin/../lib/libm.so.6", O_RDONLY|O_CLOEXEC) = -1 ENOENT (No such file or directory)
79293 openat(AT_FDCWD</home/ecochran76/workspace.local/fsearch>, "/lib/x86_64-linux-gnu/libm.so.6", O_RDONLY|O_CLOEXEC) = 3</usr/lib/x86_64-linux-gnu/libm.so.6>
79293 openat(AT_FDCWD</home/ecochran76/workspace.local/fsearch>, "/home/ecochran76/.local/share/uv/python/cpython-3.12.13-linux-x86_64-gnu/bin/../lib/libc.so.6", O_RDONLY|O_CLOEXEC) = -1 ENOENT (No such file or directory)
79293 openat(AT_FDCWD</home/ecochran76/workspace.local/fsearch>, "/lib/x86_64-linux-gnu/libc.so.6", O_RDONLY|O_CLOEXEC) = 3</usr/lib/x86_64-linux-gnu/libc.so.6>
79293 openat(AT_FDCWD</home/ecochran76/workspace.local/fsearch>, "/usr/lib/locale/locale-archive", O_RDONLY|O_CLOEXEC) = -1 ENOENT (No such file or directory)
79293 openat(AT_FDCWD</home/ecochran76/workspace.local/fsearch>, "/usr/share/locale/locale.alias", O_RDONLY|O_CLOEXEC) = 3</etc/locale.alias>
79293 openat(AT_FDCWD</home/ecochran76/workspace.local/fsearch>, "/usr/lib/locale/C.UTF-8/LC_CTYPE", O_RDONLY|O_CLOEXEC) = -1 ENOENT (No such file or directory)
79293 openat(AT_FDCWD</home/ecochran76/workspace.local/fsearch>, "/usr/lib/locale/C.utf8/LC_CTYPE", O_RDONLY|O_CLOEXEC) = 3</usr/lib/locale/C.utf8/LC_CTYPE>
79293 openat(AT_FDCWD</home/ecochran76/workspace.local/fsearch>, "/usr/lib/x86_64-linux-gnu/gconv/gconv-modules.cache", O_RDONLY|O_CLOEXEC) = 3</usr/lib/x86_64-linux-gnu/gconv/gconv-modules.cache>
79293 openat(AT_FDCWD</home/ecochran76/workspace.local/fsearch>, "/dev/urandom", O_RDONLY|O_CLOEXEC) = 3</dev/urandom<char 1:9>>
79293 openat(AT_FDCWD</home/ecochran76/workspace.local/fsearch>, "/proc/self/maps", O_RDONLY) = 3</proc/79293/maps>
79293 stat("/usr/lib/wsl/lib/python3.12", 0x7fff49562910) = -1 ENOENT (No such file or directory)
79293 stat("/home/ecochran76/.local/bin/python3.12", {st_mode=S_IFREG|0775, st_size=27770824, ...}) = 0
79293 openat(AT_FDCWD</home/ecochran76/workspace.local/fsearch>, "/home/ecochran76/.local/pyvenv.cfg", O_RDONLY) = -1 ENOENT (No such file or directory)
79293 openat(AT_FDCWD</home/ecochran76/workspace.local/fsearch>, "/home/ecochran76/.local/bin/pyvenv.cfg", O_RDONLY) = -1 ENOENT (No such file or directory)
79293 readlink("/home/ecochran76/.local/bin/python3.12", "/home/ecochran76/.local/share/uv/python/cpython-3.12.13-linux-x86_64-gnu/bin/python3.12", 4096) = 87
79293 readlink("/home/ecochran76/.local/share/uv/python/cpython-3.12.13-linux-x86_64-gnu/bin/python3.12", 0x7fff4955d940, 4096) = -1 EINVAL (Invalid argument)
79293 openat(AT_FDCWD</home/ecochran76/workspace.local/fsearch>, "/home/ecochran76/.local/share/uv/python/cpython-3.12.13-linux-x86_64-gnu/bin/python3.12\n._pth", O_RDONLY) = -1 ENOENT (No such file or directory)
79293 openat(AT_FDCWD</home/ecochran76/workspace.local/fsearch>, "/home/ecochran76/.local/bin/python3.12._pth", O_RDONLY) = -1 ENOENT (No such file or directory)
79293 openat(AT_FDCWD</home/ecochran76/workspace.local/fsearch>, "/home/ecochran76/.local/share/uv/python/cpython-3.12.13-linux-x86_64-gnu/bin/python3.12._pth", O_RDONLY) = -1 ENOENT (No such file or directory)
79293 openat(AT_FDCWD</home/ecochran76/workspace.local/fsearch>, "/home/ecochran76/.local/share/uv/python/cpython-3.12.13-linux-x86_64-gnu/bin/pybuilddir.txt", O_RDONLY) = -1 ENOENT (No such file or directory)
79293 stat("/home/ecochran76/.local/share/uv/python/cpython-3.12.13-linux-x86_64-gnu/bin/Modules/Setup.local", 0x7fff49562918) = -1 ENOENT (No such file or directory)
79293 stat("/home/ecochran76/.local/share/uv/python/cpython-3.12.13-linux-x86_64-gnu/lib/python312.zip", 0x7fff49562648) = -1 ENOENT (No such file or directory)
79293 stat("/home/ecochran76/.local/share/uv/python/lib/python312.zip", 0x7fff49562678) = -1 ENOENT (No such file or directory)
79293 stat("/home/ecochran76/.local/share/uv/lib/python312.zip", 0x7fff49562678) = -1 ENOENT (No such file or directory)
79293 stat("/home/ecochran76/.local/share/lib/python312.zip", 0x7fff49562678) = -1 ENOENT (No such file or directory)
79293 stat("/home/ecochran76/.local/lib/python312.zip", 0x7fff49562678) = -1 ENOENT (No such file or directory)
79293 stat("/home/ecochran76/lib/python312.zip", 0x7fff49562678) = -1 ENOENT (No such file or directory)
79293 stat("/home/lib/python312.zip", 0x7fff49562678) = -1 ENOENT (No such file or directory)
79293 stat("/home/ecochran76/.local/share/uv/python/cpython-3.12.13-linux-x86_64-gnu/lib/python3.12/os.py", {st_mode=S_IFREG|0664, st_size=40821, ...}) = 0
79293 stat("/home/ecochran76/.local/share/uv/python/cpython-3.12.13-linux-x86_64-gnu/bin/lib/python3.12/lib-dynload", 0x7fff49562678) = -1 ENOENT (No such file or directory)
79293 stat("/home/ecochran76/.local/share/uv/python/cpython-3.12.13-linux-x86_64-gnu/lib/python3.12/lib-dynload", {st_mode=S_IFDIR|0775, st_size=4096, ...}) = 0
79293 stat("/home/ecochran76/.local/share/uv/python/cpython-3.12.13-linux-x86_64-gnu/lib/python3.12/lib-dynload", {st_mode=S_IFDIR|0775, st_size=4096, ...}) = 0
79293 openat(AT_FDCWD</home/ecochran76/workspace.local/fsearch>, "/etc/localtime", O_RDONLY|O_CLOEXEC) = 3</usr/share/zoneinfo/America/Chicago>
79293 stat("/home/ecochran76/.local/share/uv/python/cpython-3.12.13-linux-x86_64-gnu/lib/python312.zip", 0x7fff49563068) = -1 ENOENT (No such file or directory)
79293 stat("/home/ecochran76/.local/share/uv/python/cpython-3.12.13-linux-x86_64-gnu/lib", {st_mode=S_IFDIR|0775, st_size=4096, ...}) = 0
79293 stat("/home/ecochran76/.local/share/uv/python/cpython-3.12.13-linux-x86_64-gnu/lib/python312.zip", 0x7fff495633d8) = -1 ENOENT (No such file or directory)
79293 stat("/home/ecochran76/.local/share/uv/python/cpython-3.12.13-linux-x86_64-gnu/lib/python3.12", {st_mode=S_IFDIR|0775, st_size=4096, ...}) = 0
79293 stat("/home/ecochran76/.local/share/uv/python/cpython-3.12.13-linux-x86_64-gnu/lib/python3.12", {st_mode=S_IFDIR|0775, st_size=4096, ...}) = 0
79293 stat("/home/ecochran76/.local/share/uv/python/cpython-3.12.13-linux-x86_64-gnu/lib/python3.12", {st_mode=S_IFDIR|0775, st_size=4096, ...}) = 0
79293 openat(AT_FDCWD</home/ecochran76/workspace.local/fsearch>, "/home/ecochran76/.local/share/uv/python/cpython-3.12.13-linux-x86_64-gnu/lib/python3.12", O_RDONLY|O_NONBLOCK|O_CLOEXEC|O_DIRECTORY) = 3</home/ecochran76/.local/share/uv/python/cpython-3.12.13-linux-x86_64-gnu/lib/python3.12>
79293 getdents64(3</home/ecochran76/.local/share/uv/python/cpython-3.12.13-linux-x86_64-gnu/lib/python3.12>, 0x1f9953a0 /* 204 entries */, 32768) = 6784
79293 getdents64(3</home/ecochran76/.local/share/uv/python/cpython-3.12.13-linux-x86_64-gnu/lib/python3.12>, 0x1f9953a0 /* 0 entries */, 32768) = 0
79293 stat("/home/ecochran76/.local/share/uv/python/cpython-3.12.13-linux-x86_64-gnu/lib/python3.12/encodings/__init__.cpython-312-x86_64-linux-gnu.so", 0x7fff495633d8) = -1 ENOENT (No such file or directory)
79293 stat("/home/ecochran76/.local/share/uv/python/cpython-3.12.13-linux-x86_64-gnu/lib/python3.12/encodings/__init__.abi3.so", 0x7fff495633d8) = -1 ENOENT (No such file or directory)
79293 stat("/home/ecochran76/.local/share/uv/python/cpython-3.12.13-linux-x86_64-gnu/lib/python3.12/encodings/__init__.so", 0x7fff495633d8) = -1 ENOENT (No such file or directory)
79293 stat("/home/ecochran76/.local/share/uv/python/cpython-3.12.13-linux-x86_64-gnu/lib/python3.12/encodings/__init__.py", {st_mode=S_IFREG|0664, st_size=5884, ...}) = 0
79293 stat("/home/ecochran76/.local/share/uv/python/cpython-3.12.13-linux-x86_64-gnu/lib/python3.12/encodings/__init__.py", {st_mode=S_IFREG|0664, st_size=5884, ...}) = 0
79293 openat(AT_FDCWD</home/ecochran76/workspace.local/fsearch>, "/home/ecochran76/.local/share/uv/python/cpython-3.12.13-linux-x86_64-gnu/lib/python3.12/encodings/__pycache__/__init__.cpython-312.pyc", O_RDONLY|O_CLOEXEC) = 3</home/ecochran76/.local/share/uv/python/cpython-3.12.13-linux-x86_64-gnu/lib/python3.12/encodings/__pycache__/__init__.cpython-312.pyc>
79293 stat("/home/ecochran76/.local/share/uv/python/cpython-3.12.13-linux-x86_64-gnu/lib/python3.12/encodings", {st_mode=S_IFDIR|0775, st_size=4096, ...}) = 0
79293 stat("/home/ecochran76/.local/share/uv/python/cpython-3.12.13-linux-x86_64-gnu/lib/python3.12/encodings", {st_mode=S_IFDIR|0775, st_size=4096, ...}) = 0
79293 stat("/home/ecochran76/.local/share/uv/python/cpython-3.12.13-linux-x86_64-gnu/lib/python3.12/encodings", {st_mode=S_IFDIR|0775, st_size=4096, ...}) = 0
79293 openat(AT_FDCWD</home/ecochran76/workspace.local/fsearch>, "/home/ecochran76/.local/share/uv/python/cpython-3.12.13-linux-x86_64-gnu/lib/python3.12/encodings", O_RDONLY|O_NONBLOCK|O_CLOEXEC|O_DIRECTORY) = 3</home/ecochran76/.local/share/uv/python/cpython-3.12.13-linux-x86_64-gnu/lib/python3.12/encodings>
79293 getdents64(3</home/ecochran76/.local/share/uv/python/cpython-3.12.13-linux-x86_64-gnu/lib/python3.12/encodings>, 0x1f99f250 /* 125 entries */, 32768) = 4224
79293 getdents64(3</home/ecochran76/.local/share/uv/python/cpython-3.12.13-linux-x86_64-gnu/lib/python3.12/encodings>, 0x1f99f250 /* 0 entries */, 32768) = 0
79293 stat("/home/ecochran76/.local/share/uv/python/cpython-3.12.13-linux-x86_64-gnu/lib/python3.12/encodings/aliases.py", {st_mode=S_IFREG|0664, st_size=15677, ...}) = 0
79293 stat("/home/ecochran76/.local/share/uv/python/cpython-3.12.13-linux-x86_64-gnu/lib/python3.12/encodings/aliases.py", {st_mode=S_IFREG|0664, st_size=15677, ...}) = 0
79293 openat(AT_FDCWD</home/ecochran76/workspace.local/fsearch>, "/home/ecochran76/.local/share/uv/python/cpython-3.12.13-linux-x86_64-gnu/lib/python3.12/encodings/__pycache__/aliases.cpython-312.pyc", O_RDONLY|O_CLOEXEC) = 3</home/ecochran76/.local/share/uv/python/cpython-3.12.13-linux-x86_64-gnu/lib/python3.12/encodings/__pycache__/aliases.cpython-312.pyc>
79293 stat("/home/ecochran76/.local/share/uv/python/cpython-3.12.13-linux-x86_64-gnu/lib/python3.12/encodings", {st_mode=S_IFDIR|0775, st_size=4096, ...}) = 0
79293 stat("/home/ecochran76/.local/share/uv/python/cpython-3.12.13-linux-x86_64-gnu/lib/python3.12/encodings/utf_8.py", {st_mode=S_IFREG|0664, st_size=1005, ...}) = 0
79293 stat("/home/ecochran76/.local/share/uv/python/cpython-3.12.13-linux-x86_64-gnu/lib/python3.12/encodings/utf_8.py", {st_mode=S_IFREG|0664, st_size=1005, ...}) = 0
79293 openat(AT_FDCWD</home/ecochran76/workspace.local/fsearch>, "/home/ecochran76/.local/share/uv/python/cpython-3.12.13-linux-x86_64-gnu/lib/python3.12/encodings/__pycache__/utf_8.cpython-312.pyc", O_RDONLY|O_CLOEXEC) = 3</home/ecochran76/.local/share/uv/python/cpython-3.12.13-linux-x86_64-gnu/lib/python3.12/encodings/__pycache__/utf_8.cpython-312.pyc>
79293 stat("/home/ecochran76/.local/bin/pyvenv.cfg", 0x7fff49562ed8) = -1 ENOENT (No such file or directory)
79293 stat("/home/ecochran76/.local/pyvenv.cfg", 0x7fff49562f18) = -1 ENOENT (No such file or directory)
79293 stat("/home/ecochran76/.local/lib/python3.12/site-packages", {st_mode=S_IFDIR|0775, st_size=4096, ...}) = 0
79293 openat(AT_FDCWD</home/ecochran76/workspace.local/fsearch>, "/home/ecochran76/.local/lib/python3.12/site-packages", O_RDONLY|O_NONBLOCK|O_CLOEXEC|O_DIRECTORY) = 3</home/ecochran76/.local/lib/python3.12/site-packages>
79293 getdents64(3</home/ecochran76/.local/lib/python3.12/site-packages>, 0x1f9c6800 /* 4 entries */, 32768) = 112
79293 getdents64(3</home/ecochran76/.local/lib/python3.12/site-packages>, 0x1f9c6800 /* 0 entries */, 32768) = 0
79293 stat("/home/ecochran76/.local/share/uv/python/cpython-3.12.13-linux-x86_64-gnu/lib/python3.12/site-packages", {st_mode=S_IFDIR|0775, st_size=4096, ...}) = 0
79293 openat(AT_FDCWD</home/ecochran76/workspace.local/fsearch>, "/home/ecochran76/.local/share/uv/python/cpython-3.12.13-linux-x86_64-gnu/lib/python3.12/site-packages", O_RDONLY|O_NONBLOCK|O_CLOEXEC|O_DIRECTORY) = 3</home/ecochran76/.local/share/uv/python/cpython-3.12.13-linux-x86_64-gnu/lib/python3.12/site-packages>
79293 getdents64(3</home/ecochran76/.local/share/uv/python/cpython-3.12.13-linux-x86_64-gnu/lib/python3.12/site-packages>, 0x1f9c6800 /* 9 entries */, 32768) = 304
79293 getdents64(3</home/ecochran76/.local/share/uv/python/cpython-3.12.13-linux-x86_64-gnu/lib/python3.12/site-packages>, 0x1f9c6800 /* 0 entries */, 32768) = 0
79293 stat("/home/ecochran76/.local/share/uv/python/cpython-3.12.13-linux-x86_64-gnu/lib/python3.12", {st_mode=S_IFDIR|0775, st_size=4096, ...}) = 0
79293 stat("/home/ecochran76/.local/share/uv/python/cpython-3.12.13-linux-x86_64-gnu/lib/python3.12/lib-dynload", {st_mode=S_IFDIR|0775, st_size=4096, ...}) = 0
79293 stat("/home/ecochran76/.local/share/uv/python/cpython-3.12.13-linux-x86_64-gnu/lib/python3.12/lib-dynload", {st_mode=S_IFDIR|0775, st_size=4096, ...}) = 0
79293 stat("/home/ecochran76/.local/share/uv/python/cpython-3.12.13-linux-x86_64-gnu/lib/python3.12/lib-dynload", {st_mode=S_IFDIR|0775, st_size=4096, ...}) = 0
79293 openat(AT_FDCWD</home/ecochran76/workspace.local/fsearch>, "/home/ecochran76/.local/share/uv/python/cpython-3.12.13-linux-x86_64-gnu/lib/python3.12/lib-dynload", O_RDONLY|O_NONBLOCK|O_CLOEXEC|O_DIRECTORY) = 3</home/ecochran76/.local/share/uv/python/cpython-3.12.13-linux-x86_64-gnu/lib/python3.12/lib-dynload>
79293 getdents64(3</home/ecochran76/.local/share/uv/python/cpython-3.12.13-linux-x86_64-gnu/lib/python3.12/lib-dynload>, 0x1f9c6800 /* 7 entries */, 32768) = 328
79293 getdents64(3</home/ecochran76/.local/share/uv/python/cpython-3.12.13-linux-x86_64-gnu/lib/python3.12/lib-dynload>, 0x1f9c6800 /* 0 entries */, 32768) = 0
79293 stat("/home/ecochran76/.local/lib/python3.12/site-packages", {st_mode=S_IFDIR|0775, st_size=4096, ...}) = 0
79293 stat("/home/ecochran76/.local/lib/python3.12/site-packages", {st_mode=S_IFDIR|0775, st_size=4096, ...}) = 0
79293 stat("/home/ecochran76/.local/lib/python3.12/site-packages", {st_mode=S_IFDIR|0775, st_size=4096, ...}) = 0
79293 openat(AT_FDCWD</home/ecochran76/workspace.local/fsearch>, "/home/ecochran76/.local/lib/python3.12/site-packages", O_RDONLY|O_NONBLOCK|O_CLOEXEC|O_DIRECTORY) = 3</home/ecochran76/.local/lib/python3.12/site-packages>
79293 getdents64(3</home/ecochran76/.local/lib/python3.12/site-packages>, 0x1f9c6800 /* 4 entries */, 32768) = 112
79293 getdents64(3</home/ecochran76/.local/lib/python3.12/site-packages>, 0x1f9c6800 /* 0 entries */, 32768) = 0
79293 stat("/home/ecochran76/.local/share/uv/python/cpython-3.12.13-linux-x86_64-gnu/lib/python3.12/site-packages", {st_mode=S_IFDIR|0775, st_size=4096, ...}) = 0
79293 stat("/home/ecochran76/.local/share/uv/python/cpython-3.12.13-linux-x86_64-gnu/lib/python3.12/site-packages", {st_mode=S_IFDIR|0775, st_size=4096, ...}) = 0
79293 stat("/home/ecochran76/.local/share/uv/python/cpython-3.12.13-linux-x86_64-gnu/lib/python3.12/site-packages", {st_mode=S_IFDIR|0775, st_size=4096, ...}) = 0
79293 openat(AT_FDCWD</home/ecochran76/workspace.local/fsearch>, "/home/ecochran76/.local/share/uv/python/cpython-3.12.13-linux-x86_64-gnu/lib/python3.12/site-packages", O_RDONLY|O_NONBLOCK|O_CLOEXEC|O_DIRECTORY) = 3</home/ecochran76/.local/share/uv/python/cpython-3.12.13-linux-x86_64-gnu/lib/python3.12/site-packages>
79293 getdents64(3</home/ecochran76/.local/share/uv/python/cpython-3.12.13-linux-x86_64-gnu/lib/python3.12/site-packages>, 0x1f9c6800 /* 9 entries */, 32768) = 304
79293 getdents64(3</home/ecochran76/.local/share/uv/python/cpython-3.12.13-linux-x86_64-gnu/lib/python3.12/site-packages>, 0x1f9c6800 /* 0 entries */, 32768) = 0
79293 stat("/home/ecochran76/.local/share/uv/python/cpython-3.12.13-linux-x86_64-gnu/lib/python3.12", {st_mode=S_IFDIR|0775, st_size=4096, ...}) = 0
79293 stat("/home/ecochran76/.local/share/uv/python/cpython-3.12.13-linux-x86_64-gnu/lib/python3.12/lib-dynload", {st_mode=S_IFDIR|0775, st_size=4096, ...}) = 0
79293 stat("/home/ecochran76/.local/lib/python3.12/site-packages", {st_mode=S_IFDIR|0775, st_size=4096, ...}) = 0
79293 stat("/home/ecochran76/.local/share/uv/python/cpython-3.12.13-linux-x86_64-gnu/lib/python3.12/site-packages", {st_mode=S_IFDIR|0775, st_size=4096, ...}) = 0
79293 stat("/tmp/fsearch-warm-release-build/src/fsearch-service", {st_mode=S_IFREG|0700, st_size=32186, ...}) = 0
79293 openat(AT_FDCWD</home/ecochran76/workspace.local/fsearch>, "/tmp/fsearch-warm-release-build/src/fsearch-service", O_RDONLY|O_CLOEXEC) = 3</tmp/fsearch-warm-release-build/src/fsearch-service>
79293 stat("/tmp/fsearch-warm-release-build/src/fsearch-service", {st_mode=S_IFREG|0700, st_size=32186, ...}) = 0
79293 readlink("/tmp/fsearch-warm-release-build/src/fsearch-service", 0x7fff49553050, 4096) = -1 EINVAL (Invalid argument)
79293 readlink("/tmp", 0x7fff49552c00, 1023) = -1 EINVAL (Invalid argument)
79293 readlink("/tmp/fsearch-warm-release-build", 0x7fff49552c00, 1023) = -1 EINVAL (Invalid argument)
79293 readlink("/tmp/fsearch-warm-release-build/src", 0x7fff49552c00, 1023) = -1 EINVAL (Invalid argument)
79293 readlink("/tmp/fsearch-warm-release-build/src/fsearch-service", 0x7fff49552c00, 1023) = -1 EINVAL (Invalid argument)
79293 openat(AT_FDCWD</home/ecochran76/workspace.local/fsearch>, "/tmp/fsearch-warm-release-build/src/fsearch-service", O_RDONLY) = 3</tmp/fsearch-warm-release-build/src/fsearch-service>
79293 stat("/tmp/fsearch-warm-release-build/src", {st_mode=S_IFDIR|0700, st_size=4096, ...}) = 0
79293 stat("/tmp/fsearch-warm-release-build/src", {st_mode=S_IFDIR|0700, st_size=4096, ...}) = 0
79293 stat("/tmp/fsearch-warm-release-build/src", {st_mode=S_IFDIR|0700, st_size=4096, ...}) = 0
79293 openat(AT_FDCWD</home/ecochran76/workspace.local/fsearch>, "/tmp/fsearch-warm-release-build/src", O_RDONLY|O_NONBLOCK|O_CLOEXEC|O_DIRECTORY) = 3</tmp/fsearch-warm-release-build/src>
79293 getdents64(3</tmp/fsearch-warm-release-build/src>, 0x1faf56a0 /* 22 entries */, 32768) = 816
79293 getdents64(3</tmp/fsearch-warm-release-build/src>, 0x1faf56a0 /* 0 entries */, 32768) = 0
79293 stat("/home/ecochran76/.local/share/uv/python/cpython-3.12.13-linux-x86_64-gnu/lib/python3.12", {st_mode=S_IFDIR|0775, st_size=4096, ...}) = 0
79293 stat("/home/ecochran76/.local/share/uv/python/cpython-3.12.13-linux-x86_64-gnu/lib/python3.12/argparse.py", {st_mode=S_IFREG|0664, st_size=101155, ...}) = 0
79293 stat("/home/ecochran76/.local/share/uv/python/cpython-3.12.13-linux-x86_64-gnu/lib/python3.12/argparse.py", {st_mode=S_IFREG|0664, st_size=101155, ...}) = 0
79293 openat(AT_FDCWD</home/ecochran76/workspace.local/fsearch>, "/home/ecochran76/.local/share/uv/python/cpython-3.12.13-linux-x86_64-gnu/lib/python3.12/__pycache__/argparse.cpython-312.pyc", O_RDONLY|O_CLOEXEC) = 3</home/ecochran76/.local/share/uv/python/cpython-3.12.13-linux-x86_64-gnu/lib/python3.12/__pycache__/argparse.cpython-312.pyc>
79293 stat("/tmp/fsearch-warm-release-build/src", {st_mode=S_IFDIR|0700, st_size=4096, ...}) = 0
79293 stat("/home/ecochran76/.local/share/uv/python/cpython-3.12.13-linux-x86_64-gnu/lib/python3.12", {st_mode=S_IFDIR|0775, st_size=4096, ...}) = 0
79293 stat("/home/ecochran76/.local/share/uv/python/cpython-3.12.13-linux-x86_64-gnu/lib/python3.12/re/__init__.cpython-312-x86_64-linux-gnu.so", 0x7fff49562da8) = -1 ENOENT (No such file or directory)
79293 stat("/home/ecochran76/.local/share/uv/python/cpython-3.12.13-linux-x86_64-gnu/lib/python3.12/re/__init__.abi3.so", 0x7fff49562da8) = -1 ENOENT (No such file or directory)
79293 stat("/home/ecochran76/.local/share/uv/python/cpython-3.12.13-linux-x86_64-gnu/lib/python3.12/re/__init__.so", 0x7fff49562da8) = -1 ENOENT (No such file or directory)
79293 stat("/home/ecochran76/.local/share/uv/python/cpython-3.12.13-linux-x86_64-gnu/lib/python3.12/re/__init__.py", {st_mode=S_IFREG|0664, st_size=16315, ...}) = 0
79293 stat("/home/ecochran76/.local/share/uv/python/cpython-3.12.13-linux-x86_64-gnu/lib/python3.12/re/__init__.py", {st_mode=S_IFREG|0664, st_size=16315, ...}) = 0
79293 openat(AT_FDCWD</home/ecochran76/workspace.local/fsearch>, "/home/ecochran76/.local/share/uv/python/cpython-3.12.13-linux-x86_64-gnu/lib/python3.12/re/__pycache__/__init__.cpython-312.pyc", O_RDONLY|O_CLOEXEC) = 3</home/ecochran76/.local/share/uv/python/cpython-3.12.13-linux-x86_64-gnu/lib/python3.12/re/__pycache__/__init__.cpython-312.pyc>
79293 stat("/tmp/fsearch-warm-release-build/src", {st_mode=S_IFDIR|0700, st_size=4096, ...}) = 0
79293 stat("/home/ecochran76/.local/share/uv/python/cpython-3.12.13-linux-x86_64-gnu/lib/python3.12", {st_mode=S_IFDIR|0775, st_size=4096, ...}) = 0
79293 stat("/home/ecochran76/.local/share/uv/python/cpython-3.12.13-linux-x86_64-gnu/lib/python3.12/enum.py", {st_mode=S_IFREG|0664, st_size=81540, ...}) = 0
79293 stat("/home/ecochran76/.local/share/uv/python/cpython-3.12.13-linux-x86_64-gnu/lib/python3.12/enum.py", {st_mode=S_IFREG|0664, st_size=81540, ...}) = 0
79293 openat(AT_FDCWD</home/ecochran76/workspace.local/fsearch>, "/home/ecochran76/.local/share/uv/python/cpython-3.12.13-linux-x86_64-gnu/lib/python3.12/__pycache__/enum.cpython-312.pyc", O_RDONLY|O_CLOEXEC) = 3</home/ecochran76/.local/share/uv/python/cpython-3.12.13-linux-x86_64-gnu/lib/python3.12/__pycache__/enum.cpython-312.pyc>
79293 stat("/tmp/fsearch-warm-release-build/src", {st_mode=S_IFDIR|0700, st_size=4096, ...}) = 0
79293 stat("/home/ecochran76/.local/share/uv/python/cpython-3.12.13-linux-x86_64-gnu/lib/python3.12", {st_mode=S_IFDIR|0775, st_size=4096, ...}) = 0
79293 stat("/home/ecochran76/.local/share/uv/python/cpython-3.12.13-linux-x86_64-gnu/lib/python3.12/types.py", {st_mode=S_IFREG|0664, st_size=10993, ...}) = 0
79293 stat("/home/ecochran76/.local/share/uv/python/cpython-3.12.13-linux-x86_64-gnu/lib/python3.12/types.py", {st_mode=S_IFREG|0664, st_size=10993, ...}) = 0
79293 openat(AT_FDCWD</home/ecochran76/workspace.local/fsearch>, "/home/ecochran76/.local/share/uv/python/cpython-3.12.13-linux-x86_64-gnu/lib/python3.12/__pycache__/types.cpython-312.pyc", O_RDONLY|O_CLOEXEC) = 3</home/ecochran76/.local/share/uv/python/cpython-3.12.13-linux-x86_64-gnu/lib/python3.12/__pycache__/types.cpython-312.pyc>
79293 stat("/tmp/fsearch-warm-release-build/src", {st_mode=S_IFDIR|0700, st_size=4096, ...}) = 0
79293 stat("/home/ecochran76/.local/share/uv/python/cpython-3.12.13-linux-x86_64-gnu/lib/python3.12", {st_mode=S_IFDIR|0775, st_size=4096, ...}) = 0
79293 stat("/home/ecochran76/.local/share/uv/python/cpython-3.12.13-linux-x86_64-gnu/lib/python3.12/operator.py", {st_mode=S_IFREG|0664, st_size=10965, ...}) = 0
79293 stat("/home/ecochran76/.local/share/uv/python/cpython-3.12.13-linux-x86_64-gnu/lib/python3.12/operator.py", {st_mode=S_IFREG|0664, st_size=10965, ...}) = 0
79293 openat(AT_FDCWD</home/ecochran76/workspace.local/fsearch>, "/home/ecochran76/.local/share/uv/python/cpython-3.12.13-linux-x86_64-gnu/lib/python3.12/__pycache__/operator.cpython-312.pyc", O_RDONLY|O_CLOEXEC) = 3</home/ecochran76/.local/share/uv/python/cpython-3.12.13-linux-x86_64-gnu/lib/python3.12/__pycache__/operator.cpython-312.pyc>
79293 stat("/tmp/fsearch-warm-release-build/src", {st_mode=S_IFDIR|0700, st_size=4096, ...}) = 0
79293 stat("/home/ecochran76/.local/share/uv/python/cpython-3.12.13-linux-x86_64-gnu/lib/python3.12", {st_mode=S_IFDIR|0775, st_size=4096, ...}) = 0
79293 stat("/home/ecochran76/.local/share/uv/python/cpython-3.12.13-linux-x86_64-gnu/lib/python3.12/functools.py", {st_mode=S_IFREG|0664, st_size=37940, ...}) = 0
79293 stat("/home/ecochran76/.local/share/uv/python/cpython-3.12.13-linux-x86_64-gnu/lib/python3.12/functools.py", {st_mode=S_IFREG|0664, st_size=37940, ...}) = 0
79293 openat(AT_FDCWD</home/ecochran76/workspace.local/fsearch>, "/home/ecochran76/.local/share/uv/python/cpython-3.12.13-linux-x86_64-gnu/lib/python3.12/__pycache__/functools.cpython-312.pyc", O_RDONLY|O_CLOEXEC) = 3</home/ecochran76/.local/share/uv/python/cpython-3.12.13-linux-x86_64-gnu/lib/python3.12/__pycache__/functools.cpython-312.pyc>
79293 stat("/tmp/fsearch-warm-release-build/src", {st_mode=S_IFDIR|0700, st_size=4096, ...}) = 0
79293 stat("/home/ecochran76/.local/share/uv/python/cpython-3.12.13-linux-x86_64-gnu/lib/python3.12", {st_mode=S_IFDIR|0775, st_size=4096, ...}) = 0
79293 stat("/home/ecochran76/.local/share/uv/python/cpython-3.12.13-linux-x86_64-gnu/lib/python3.12/collections/__init__.cpython-312-x86_64-linux-gnu.so", 0x7fff49561578) = -1 ENOENT (No such file or directory)
79293 stat("/home/ecochran76/.local/share/uv/python/cpython-3.12.13-linux-x86_64-gnu/lib/python3.12/collections/__init__.abi3.so", 0x7fff49561578) = -1 ENOENT (No such file or directory)
79293 stat("/home/ecochran76/.local/share/uv/python/cpython-3.12.13-linux-x86_64-gnu/lib/python3.12/collections/__init__.so", 0x7fff49561578) = -1 ENOENT (No such file or directory)
79293 stat("/home/ecochran76/.local/share/uv/python/cpython-3.12.13-linux-x86_64-gnu/lib/python3.12/collections/__init__.py", {st_mode=S_IFREG|0664, st_size=52378, ...}) = 0
79293 stat("/home/ecochran76/.local/share/uv/python/cpython-3.12.13-linux-x86_64-gnu/lib/python3.12/collections/__init__.py", {st_mode=S_IFREG|0664, st_size=52378, ...}) = 0
79293 openat(AT_FDCWD</home/ecochran76/workspace.local/fsearch>, "/home/ecochran76/.local/share/uv/python/cpython-3.12.13-linux-x86_64-gnu/lib/python3.12/collections/__pycache__/__init__.cpython-312.pyc", O_RDONLY|O_CLOEXEC) = 3</home/ecochran76/.local/share/uv/python/cpython-3.12.13-linux-x86_64-gnu/lib/python3.12/collections/__pycache__/__init__.cpython-312.pyc>
79293 stat("/tmp/fsearch-warm-release-build/src", {st_mode=S_IFDIR|0700, st_size=4096, ...}) = 0
79293 stat("/home/ecochran76/.local/share/uv/python/cpython-3.12.13-linux-x86_64-gnu/lib/python3.12", {st_mode=S_IFDIR|0775, st_size=4096, ...}) = 0
79293 stat("/home/ecochran76/.local/share/uv/python/cpython-3.12.13-linux-x86_64-gnu/lib/python3.12/keyword.py", {st_mode=S_IFREG|0664, st_size=1073, ...}) = 0
79293 stat("/home/ecochran76/.local/share/uv/python/cpython-3.12.13-linux-x86_64-gnu/lib/python3.12/keyword.py", {st_mode=S_IFREG|0664, st_size=1073, ...}) = 0
79293 openat(AT_FDCWD</home/ecochran76/workspace.local/fsearch>, "/home/ecochran76/.local/share/uv/python/cpython-3.12.13-linux-x86_64-gnu/lib/python3.12/__pycache__/keyword.cpython-312.pyc", O_RDONLY|O_CLOEXEC) = 3</home/ecochran76/.local/share/uv/python/cpython-3.12.13-linux-x86_64-gnu/lib/python3.12/__pycache__/keyword.cpython-312.pyc>
79293 stat("/tmp/fsearch-warm-release-build/src", {st_mode=S_IFDIR|0700, st_size=4096, ...}) = 0
79293 stat("/home/ecochran76/.local/share/uv/python/cpython-3.12.13-linux-x86_64-gnu/lib/python3.12", {st_mode=S_IFDIR|0775, st_size=4096, ...}) = 0
79293 stat("/home/ecochran76/.local/share/uv/python/cpython-3.12.13-linux-x86_64-gnu/lib/python3.12/reprlib.py", {st_mode=S_IFREG|0664, st_size=7148, ...}) = 0
79293 stat("/home/ecochran76/.local/share/uv/python/cpython-3.12.13-linux-x86_64-gnu/lib/python3.12/reprlib.py", {st_mode=S_IFREG|0664, st_size=7148, ...}) = 0
79293 openat(AT_FDCWD</home/ecochran76/workspace.local/fsearch>, "/home/ecochran76/.local/share/uv/python/cpython-3.12.13-linux-x86_64-gnu/lib/python3.12/__pycache__/reprlib.cpython-312.pyc", O_RDONLY|O_CLOEXEC) = 3</home/ecochran76/.local/share/uv/python/cpython-3.12.13-linux-x86_64-gnu/lib/python3.12/__pycache__/reprlib.cpython-312.pyc>
79293 stat("/home/ecochran76/.local/share/uv/python/cpython-3.12.13-linux-x86_64-gnu/lib/python3.12/re", {st_mode=S_IFDIR|0775, st_size=4096, ...}) = 0
79293 stat("/home/ecochran76/.local/share/uv/python/cpython-3.12.13-linux-x86_64-gnu/lib/python3.12/re", {st_mode=S_IFDIR|0775, st_size=4096, ...}) = 0
79293 stat("/home/ecochran76/.local/share/uv/python/cpython-3.12.13-linux-x86_64-gnu/lib/python3.12/re", {st_mode=S_IFDIR|0775, st_size=4096, ...}) = 0
79293 openat(AT_FDCWD</home/ecochran76/workspace.local/fsearch>, "/home/ecochran76/.local/share/uv/python/cpython-3.12.13-linux-x86_64-gnu/lib/python3.12/re", O_RDONLY|O_NONBLOCK|O_CLOEXEC|O_DIRECTORY) = 3</home/ecochran76/.local/share/uv/python/cpython-3.12.13-linux-x86_64-gnu/lib/python3.12/re>
79293 getdents64(3</home/ecochran76/.local/share/uv/python/cpython-3.12.13-linux-x86_64-gnu/lib/python3.12/re>, 0x1fbf3190 /* 8 entries */, 32768) = 248
79293 getdents64(3</home/ecochran76/.local/share/uv/python/cpython-3.12.13-linux-x86_64-gnu/lib/python3.12/re>, 0x1fbf3190 /* 0 entries */, 32768) = 0
79293 stat("/home/ecochran76/.local/share/uv/python/cpython-3.12.13-linux-x86_64-gnu/lib/python3.12/re/_compiler.py", {st_mode=S_IFREG|0664, st_size=26399, ...}) = 0
79293 stat("/home/ecochran76/.local/share/uv/python/cpython-3.12.13-linux-x86_64-gnu/lib/python3.12/re/_compiler.py", {st_mode=S_IFREG|0664, st_size=26399, ...}) = 0
79293 openat(AT_FDCWD</home/ecochran76/workspace.local/fsearch>, "/home/ecochran76/.local/share/uv/python/cpython-3.12.13-linux-x86_64-gnu/lib/python3.12/re/__pycache__/_compiler.cpython-312.pyc", O_RDONLY|O_CLOEXEC) = 3</home/ecochran76/.local/share/uv/python/cpython-3.12.13-linux-x86_64-gnu/lib/python3.12/re/__pycache__/_compiler.cpython-312.pyc>
79293 stat("/home/ecochran76/.local/share/uv/python/cpython-3.12.13-linux-x86_64-gnu/lib/python3.12/re", {st_mode=S_IFDIR|0775, st_size=4096, ...}) = 0
79293 stat("/home/ecochran76/.local/share/uv/python/cpython-3.12.13-linux-x86_64-gnu/lib/python3.12/re/_parser.py", {st_mode=S_IFREG|0664, st_size=41201, ...}) = 0
79293 stat("/home/ecochran76/.local/share/uv/python/cpython-3.12.13-linux-x86_64-gnu/lib/python3.12/re/_parser.py", {st_mode=S_IFREG|0664, st_size=41201, ...}) = 0
79293 openat(AT_FDCWD</home/ecochran76/workspace.local/fsearch>, "/home/ecochran76/.local/share/uv/python/cpython-3.12.13-linux-x86_64-gnu/lib/python3.12/re/__pycache__/_parser.cpython-312.pyc", O_RDONLY|O_CLOEXEC) = 3</home/ecochran76/.local/share/uv/python/cpython-3.12.13-linux-x86_64-gnu/lib/python3.12/re/__pycache__/_parser.cpython-312.pyc>
79293 stat("/home/ecochran76/.local/share/uv/python/cpython-3.12.13-linux-x86_64-gnu/lib/python3.12/re", {st_mode=S_IFDIR|0775, st_size=4096, ...}) = 0
79293 stat("/home/ecochran76/.local/share/uv/python/cpython-3.12.13-linux-x86_64-gnu/lib/python3.12/re/_constants.py", {st_mode=S_IFREG|0664, st_size=5930, ...}) = 0
79293 stat("/home/ecochran76/.local/share/uv/python/cpython-3.12.13-linux-x86_64-gnu/lib/python3.12/re/_constants.py", {st_mode=S_IFREG|0664, st_size=5930, ...}) = 0
79293 openat(AT_FDCWD</home/ecochran76/workspace.local/fsearch>, "/home/ecochran76/.local/share/uv/python/cpython-3.12.13-linux-x86_64-gnu/lib/python3.12/re/__pycache__/_constants.cpython-312.pyc", O_RDONLY|O_CLOEXEC) = 3</home/ecochran76/.local/share/uv/python/cpython-3.12.13-linux-x86_64-gnu/lib/python3.12/re/__pycache__/_constants.cpython-312.pyc>
79293 stat("/home/ecochran76/.local/share/uv/python/cpython-3.12.13-linux-x86_64-gnu/lib/python3.12/re", {st_mode=S_IFDIR|0775, st_size=4096, ...}) = 0
79293 stat("/home/ecochran76/.local/share/uv/python/cpython-3.12.13-linux-x86_64-gnu/lib/python3.12/re/_casefix.py", {st_mode=S_IFREG|0664, st_size=5444, ...}) = 0
79293 stat("/home/ecochran76/.local/share/uv/python/cpython-3.12.13-linux-x86_64-gnu/lib/python3.12/re/_casefix.py", {st_mode=S_IFREG|0664, st_size=5444, ...}) = 0
79293 openat(AT_FDCWD</home/ecochran76/workspace.local/fsearch>, "/home/ecochran76/.local/share/uv/python/cpython-3.12.13-linux-x86_64-gnu/lib/python3.12/re/__pycache__/_casefix.cpython-312.pyc", O_RDONLY|O_CLOEXEC) = 3</home/ecochran76/.local/share/uv/python/cpython-3.12.13-linux-x86_64-gnu/lib/python3.12/re/__pycache__/_casefix.cpython-312.pyc>
79293 stat("/tmp/fsearch-warm-release-build/src", {st_mode=S_IFDIR|0700, st_size=4096, ...}) = 0
79293 stat("/home/ecochran76/.local/share/uv/python/cpython-3.12.13-linux-x86_64-gnu/lib/python3.12", {st_mode=S_IFDIR|0775, st_size=4096, ...}) = 0
79293 stat("/home/ecochran76/.local/share/uv/python/cpython-3.12.13-linux-x86_64-gnu/lib/python3.12/copyreg.py", {st_mode=S_IFREG|0664, st_size=7614, ...}) = 0
79293 stat("/home/ecochran76/.local/share/uv/python/cpython-3.12.13-linux-x86_64-gnu/lib/python3.12/copyreg.py", {st_mode=S_IFREG|0664, st_size=7614, ...}) = 0
79293 openat(AT_FDCWD</home/ecochran76/workspace.local/fsearch>, "/home/ecochran76/.local/share/uv/python/cpython-3.12.13-linux-x86_64-gnu/lib/python3.12/__pycache__/copyreg.cpython-312.pyc", O_RDONLY|O_CLOEXEC) = 3</home/ecochran76/.local/share/uv/python/cpython-3.12.13-linux-x86_64-gnu/lib/python3.12/__pycache__/copyreg.cpython-312.pyc>
79293 stat("/tmp/fsearch-warm-release-build/src", {st_mode=S_IFDIR|0700, st_size=4096, ...}) = 0
79293 stat("/home/ecochran76/.local/share/uv/python/cpython-3.12.13-linux-x86_64-gnu/lib/python3.12", {st_mode=S_IFDIR|0775, st_size=4096, ...}) = 0
79293 stat("/home/ecochran76/.local/share/uv/python/cpython-3.12.13-linux-x86_64-gnu/lib/python3.12/warnings.py", {st_mode=S_IFREG|0664, st_size=21909, ...}) = 0
79293 stat("/home/ecochran76/.local/share/uv/python/cpython-3.12.13-linux-x86_64-gnu/lib/python3.12/warnings.py", {st_mode=S_IFREG|0664, st_size=21909, ...}) = 0
79293 openat(AT_FDCWD</home/ecochran76/workspace.local/fsearch>, "/home/ecochran76/.local/share/uv/python/cpython-3.12.13-linux-x86_64-gnu/lib/python3.12/__pycache__/warnings.cpython-312.pyc", O_RDONLY|O_CLOEXEC) = 3</home/ecochran76/.local/share/uv/python/cpython-3.12.13-linux-x86_64-gnu/lib/python3.12/__pycache__/warnings.cpython-312.pyc>
79293 stat("/tmp/fsearch-warm-release-build/src", {st_mode=S_IFDIR|0700, st_size=4096, ...}) = 0
79293 stat("/home/ecochran76/.local/share/uv/python/cpython-3.12.13-linux-x86_64-gnu/lib/python3.12", {st_mode=S_IFDIR|0775, st_size=4096, ...}) = 0
79293 stat("/home/ecochran76/.local/share/uv/python/cpython-3.12.13-linux-x86_64-gnu/lib/python3.12/gettext.py", {st_mode=S_IFREG|0664, st_size=21320, ...}) = 0
79293 stat("/home/ecochran76/.local/share/uv/python/cpython-3.12.13-linux-x86_64-gnu/lib/python3.12/gettext.py", {st_mode=S_IFREG|0664, st_size=21320, ...}) = 0
79293 openat(AT_FDCWD</home/ecochran76/workspace.local/fsearch>, "/home/ecochran76/.local/share/uv/python/cpython-3.12.13-linux-x86_64-gnu/lib/python3.12/__pycache__/gettext.cpython-312.pyc", O_RDONLY|O_CLOEXEC) = 3</home/ecochran76/.local/share/uv/python/cpython-3.12.13-linux-x86_64-gnu/lib/python3.12/__pycache__/gettext.cpython-312.pyc>
79293 stat("/tmp/fsearch-warm-release-build/src", {st_mode=S_IFDIR|0700, st_size=4096, ...}) = 0
79293 stat("/home/ecochran76/.local/share/uv/python/cpython-3.12.13-linux-x86_64-gnu/lib/python3.12", {st_mode=S_IFDIR|0775, st_size=4096, ...}) = 0
79293 stat("/home/ecochran76/.local/share/uv/python/cpython-3.12.13-linux-x86_64-gnu/lib/python3.12/base64.py", {st_mode=S_IFREG|0775, st_size=20635, ...}) = 0
79293 stat("/home/ecochran76/.local/share/uv/python/cpython-3.12.13-linux-x86_64-gnu/lib/python3.12/base64.py", {st_mode=S_IFREG|0775, st_size=20635, ...}) = 0
79293 openat(AT_FDCWD</home/ecochran76/workspace.local/fsearch>, "/home/ecochran76/.local/share/uv/python/cpython-3.12.13-linux-x86_64-gnu/lib/python3.12/__pycache__/base64.cpython-312.pyc", O_RDONLY|O_CLOEXEC) = 3</home/ecochran76/.local/share/uv/python/cpython-3.12.13-linux-x86_64-gnu/lib/python3.12/__pycache__/base64.cpython-312.pyc>
79293 stat("/tmp/fsearch-warm-release-build/src", {st_mode=S_IFDIR|0700, st_size=4096, ...}) = 0
79293 stat("/home/ecochran76/.local/share/uv/python/cpython-3.12.13-linux-x86_64-gnu/lib/python3.12", {st_mode=S_IFDIR|0775, st_size=4096, ...}) = 0
79293 stat("/home/ecochran76/.local/share/uv/python/cpython-3.12.13-linux-x86_64-gnu/lib/python3.12/struct.py", {st_mode=S_IFREG|0664, st_size=257, ...}) = 0
79293 stat("/home/ecochran76/.local/share/uv/python/cpython-3.12.13-linux-x86_64-gnu/lib/python3.12/struct.py", {st_mode=S_IFREG|0664, st_size=257, ...}) = 0
79293 openat(AT_FDCWD</home/ecochran76/workspace.local/fsearch>, "/home/ecochran76/.local/share/uv/python/cpython-3.12.13-linux-x86_64-gnu/lib/python3.12/__pycache__/struct.cpython-312.pyc", O_RDONLY|O_CLOEXEC) = 3</home/ecochran76/.local/share/uv/python/cpython-3.12.13-linux-x86_64-gnu/lib/python3.12/__pycache__/struct.cpython-312.pyc>
79293 stat("/tmp/fsearch-warm-release-build/src", {st_mode=S_IFDIR|0700, st_size=4096, ...}) = 0
79293 stat("/home/ecochran76/.local/share/uv/python/cpython-3.12.13-linux-x86_64-gnu/lib/python3.12", {st_mode=S_IFDIR|0775, st_size=4096, ...}) = 0
79293 stat("/home/ecochran76/.local/share/uv/python/cpython-3.12.13-linux-x86_64-gnu/lib/python3.12/json/__init__.cpython-312-x86_64-linux-gnu.so", 0x7fff495635b8) = -1 ENOENT (No such file or directory)
79293 stat("/home/ecochran76/.local/share/uv/python/cpython-3.12.13-linux-x86_64-gnu/lib/python3.12/json/__init__.abi3.so", 0x7fff495635b8) = -1 ENOENT (No such file or directory)
79293 stat("/home/ecochran76/.local/share/uv/python/cpython-3.12.13-linux-x86_64-gnu/lib/python3.12/json/__init__.so", 0x7fff495635b8) = -1 ENOENT (No such file or directory)
79293 stat("/home/ecochran76/.local/share/uv/python/cpython-3.12.13-linux-x86_64-gnu/lib/python3.12/json/__init__.py", {st_mode=S_IFREG|0664, st_size=14020, ...}) = 0
79293 stat("/home/ecochran76/.local/share/uv/python/cpython-3.12.13-linux-x86_64-gnu/lib/python3.12/json/__init__.py", {st_mode=S_IFREG|0664, st_size=14020, ...}) = 0
79293 openat(AT_FDCWD</home/ecochran76/workspace.local/fsearch>, "/home/ecochran76/.local/share/uv/python/cpython-3.12.13-linux-x86_64-gnu/lib/python3.12/json/__pycache__/__init__.cpython-312.pyc", O_RDONLY|O_CLOEXEC) = 3</home/ecochran76/.local/share/uv/python/cpython-3.12.13-linux-x86_64-gnu/lib/python3.12/json/__pycache__/__init__.cpython-312.pyc>
79293 stat("/home/ecochran76/.local/share/uv/python/cpython-3.12.13-linux-x86_64-gnu/lib/python3.12/json", {st_mode=S_IFDIR|0775, st_size=4096, ...}) = 0
79293 stat("/home/ecochran76/.local/share/uv/python/cpython-3.12.13-linux-x86_64-gnu/lib/python3.12/json", {st_mode=S_IFDIR|0775, st_size=4096, ...}) = 0
79293 stat("/home/ecochran76/.local/share/uv/python/cpython-3.12.13-linux-x86_64-gnu/lib/python3.12/json", {st_mode=S_IFDIR|0775, st_size=4096, ...}) = 0
79293 openat(AT_FDCWD</home/ecochran76/workspace.local/fsearch>, "/home/ecochran76/.local/share/uv/python/cpython-3.12.13-linux-x86_64-gnu/lib/python3.12/json", O_RDONLY|O_NONBLOCK|O_CLOEXEC|O_DIRECTORY) = 3</home/ecochran76/.local/share/uv/python/cpython-3.12.13-linux-x86_64-gnu/lib/python3.12/json>
79293 getdents64(3</home/ecochran76/.local/share/uv/python/cpython-3.12.13-linux-x86_64-gnu/lib/python3.12/json>, 0x1fc31340 /* 8 entries */, 32768) = 240
79293 getdents64(3</home/ecochran76/.local/share/uv/python/cpython-3.12.13-linux-x86_64-gnu/lib/python3.12/json>, 0x1fc31340 /* 0 entries */, 32768) = 0
79293 stat("/home/ecochran76/.local/share/uv/python/cpython-3.12.13-linux-x86_64-gnu/lib/python3.12/json/decoder.py", {st_mode=S_IFREG|0664, st_size=12525, ...}) = 0
79293 stat("/home/ecochran76/.local/share/uv/python/cpython-3.12.13-linux-x86_64-gnu/lib/python3.12/json/decoder.py", {st_mode=S_IFREG|0664, st_size=12525, ...}) = 0
79293 openat(AT_FDCWD</home/ecochran76/workspace.local/fsearch>, "/home/ecochran76/.local/share/uv/python/cpython-3.12.13-linux-x86_64-gnu/lib/python3.12/json/__pycache__/decoder.cpython-312.pyc", O_RDONLY|O_CLOEXEC) = 3</home/ecochran76/.local/share/uv/python/cpython-3.12.13-linux-x86_64-gnu/lib/python3.12/json/__pycache__/decoder.cpython-312.pyc>
79293 stat("/home/ecochran76/.local/share/uv/python/cpython-3.12.13-linux-x86_64-gnu/lib/python3.12/json", {st_mode=S_IFDIR|0775, st_size=4096, ...}) = 0
79293 stat("/home/ecochran76/.local/share/uv/python/cpython-3.12.13-linux-x86_64-gnu/lib/python3.12/json/scanner.py", {st_mode=S_IFREG|0664, st_size=2434, ...}) = 0
79293 stat("/home/ecochran76/.local/share/uv/python/cpython-3.12.13-linux-x86_64-gnu/lib/python3.12/json/scanner.py", {st_mode=S_IFREG|0664, st_size=2434, ...}) = 0
79293 openat(AT_FDCWD</home/ecochran76/workspace.local/fsearch>, "/home/ecochran76/.local/share/uv/python/cpython-3.12.13-linux-x86_64-gnu/lib/python3.12/json/__pycache__/scanner.cpython-312.pyc", O_RDONLY|O_CLOEXEC) = 3</home/ecochran76/.local/share/uv/python/cpython-3.12.13-linux-x86_64-gnu/lib/python3.12/json/__pycache__/scanner.cpython-312.pyc>
79293 stat("/home/ecochran76/.local/share/uv/python/cpython-3.12.13-linux-x86_64-gnu/lib/python3.12/json", {st_mode=S_IFDIR|0775, st_size=4096, ...}) = 0
79293 stat("/home/ecochran76/.local/share/uv/python/cpython-3.12.13-linux-x86_64-gnu/lib/python3.12/json/encoder.py", {st_mode=S_IFREG|0664, st_size=16075, ...}) = 0
79293 stat("/home/ecochran76/.local/share/uv/python/cpython-3.12.13-linux-x86_64-gnu/lib/python3.12/json/encoder.py", {st_mode=S_IFREG|0664, st_size=16075, ...}) = 0
79293 openat(AT_FDCWD</home/ecochran76/workspace.local/fsearch>, "/home/ecochran76/.local/share/uv/python/cpython-3.12.13-linux-x86_64-gnu/lib/python3.12/json/__pycache__/encoder.cpython-312.pyc", O_RDONLY|O_CLOEXEC) = 3</home/ecochran76/.local/share/uv/python/cpython-3.12.13-linux-x86_64-gnu/lib/python3.12/json/__pycache__/encoder.cpython-312.pyc>
79293 stat("/tmp/fsearch-warm-release-build/src", {st_mode=S_IFDIR|0700, st_size=4096, ...}) = 0
79293 stat("/home/ecochran76/.local/share/uv/python/cpython-3.12.13-linux-x86_64-gnu/lib/python3.12", {st_mode=S_IFDIR|0775, st_size=4096, ...}) = 0
79293 stat("/home/ecochran76/.local/share/uv/python/cpython-3.12.13-linux-x86_64-gnu/lib/python3.12/pathlib.py", {st_mode=S_IFREG|0664, st_size=51052, ...}) = 0
79293 stat("/home/ecochran76/.local/share/uv/python/cpython-3.12.13-linux-x86_64-gnu/lib/python3.12/pathlib.py", {st_mode=S_IFREG|0664, st_size=51052, ...}) = 0
79293 openat(AT_FDCWD</home/ecochran76/workspace.local/fsearch>, "/home/ecochran76/.local/share/uv/python/cpython-3.12.13-linux-x86_64-gnu/lib/python3.12/__pycache__/pathlib.cpython-312.pyc", O_RDONLY|O_CLOEXEC) = 3</home/ecochran76/.local/share/uv/python/cpython-3.12.13-linux-x86_64-gnu/lib/python3.12/__pycache__/pathlib.cpython-312.pyc>
79293 stat("/tmp/fsearch-warm-release-build/src", {st_mode=S_IFDIR|0700, st_size=4096, ...}) = 0
79293 stat("/home/ecochran76/.local/share/uv/python/cpython-3.12.13-linux-x86_64-gnu/lib/python3.12", {st_mode=S_IFDIR|0775, st_size=4096, ...}) = 0
79293 stat("/home/ecochran76/.local/share/uv/python/cpython-3.12.13-linux-x86_64-gnu/lib/python3.12/fnmatch.py", {st_mode=S_IFREG|0664, st_size=5999, ...}) = 0
79293 stat("/home/ecochran76/.local/share/uv/python/cpython-3.12.13-linux-x86_64-gnu/lib/python3.12/fnmatch.py", {st_mode=S_IFREG|0664, st_size=5999, ...}) = 0
79293 openat(AT_FDCWD</home/ecochran76/workspace.local/fsearch>, "/home/ecochran76/.local/share/uv/python/cpython-3.12.13-linux-x86_64-gnu/lib/python3.12/__pycache__/fnmatch.cpython-312.pyc", O_RDONLY|O_CLOEXEC) = 3</home/ecochran76/.local/share/uv/python/cpython-3.12.13-linux-x86_64-gnu/lib/python3.12/__pycache__/fnmatch.cpython-312.pyc>
79293 stat("/tmp/fsearch-warm-release-build/src", {st_mode=S_IFDIR|0700, st_size=4096, ...}) = 0
79293 stat("/home/ecochran76/.local/share/uv/python/cpython-3.12.13-linux-x86_64-gnu/lib/python3.12", {st_mode=S_IFDIR|0775, st_size=4096, ...}) = 0
79293 stat("/home/ecochran76/.local/share/uv/python/cpython-3.12.13-linux-x86_64-gnu/lib/python3.12/lib-dynload", {st_mode=S_IFDIR|0775, st_size=4096, ...}) = 0
79293 stat("/home/ecochran76/.local/lib/python3.12/site-packages", {st_mode=S_IFDIR|0775, st_size=4096, ...}) = 0
79293 stat("/home/ecochran76/.local/share/uv/python/cpython-3.12.13-linux-x86_64-gnu/lib/python3.12/site-packages", {st_mode=S_IFDIR|0775, st_size=4096, ...}) = 0
79293 stat("/tmp/fsearch-warm-release-build/src", {st_mode=S_IFDIR|0700, st_size=4096, ...}) = 0
79293 stat("/home/ecochran76/.local/share/uv/python/cpython-3.12.13-linux-x86_64-gnu/lib/python3.12", {st_mode=S_IFDIR|0775, st_size=4096, ...}) = 0
79293 stat("/home/ecochran76/.local/share/uv/python/cpython-3.12.13-linux-x86_64-gnu/lib/python3.12/lib-dynload", {st_mode=S_IFDIR|0775, st_size=4096, ...}) = 0
79293 stat("/home/ecochran76/.local/lib/python3.12/site-packages", {st_mode=S_IFDIR|0775, st_size=4096, ...}) = 0
79293 stat("/home/ecochran76/.local/share/uv/python/cpython-3.12.13-linux-x86_64-gnu/lib/python3.12/site-packages", {st_mode=S_IFDIR|0775, st_size=4096, ...}) = 0
79293 stat("/tmp/fsearch-warm-release-build/src", {st_mode=S_IFDIR|0700, st_size=4096, ...}) = 0
79293 stat("/home/ecochran76/.local/share/uv/python/cpython-3.12.13-linux-x86_64-gnu/lib/python3.12", {st_mode=S_IFDIR|0775, st_size=4096, ...}) = 0
79293 stat("/home/ecochran76/.local/share/uv/python/cpython-3.12.13-linux-x86_64-gnu/lib/python3.12/lib-dynload", {st_mode=S_IFDIR|0775, st_size=4096, ...}) = 0
79293 stat("/home/ecochran76/.local/lib/python3.12/site-packages", {st_mode=S_IFDIR|0775, st_size=4096, ...}) = 0
79293 stat("/home/ecochran76/.local/share/uv/python/cpython-3.12.13-linux-x86_64-gnu/lib/python3.12/site-packages", {st_mode=S_IFDIR|0775, st_size=4096, ...}) = 0
79293 stat("/tmp/fsearch-warm-release-build/src", {st_mode=S_IFDIR|0700, st_size=4096, ...}) = 0
79293 stat("/home/ecochran76/.local/share/uv/python/cpython-3.12.13-linux-x86_64-gnu/lib/python3.12", {st_mode=S_IFDIR|0775, st_size=4096, ...}) = 0
79293 stat("/home/ecochran76/.local/share/uv/python/cpython-3.12.13-linux-x86_64-gnu/lib/python3.12/lib-dynload", {st_mode=S_IFDIR|0775, st_size=4096, ...}) = 0
79293 stat("/home/ecochran76/.local/lib/python3.12/site-packages", {st_mode=S_IFDIR|0775, st_size=4096, ...}) = 0
79293 stat("/home/ecochran76/.local/share/uv/python/cpython-3.12.13-linux-x86_64-gnu/lib/python3.12/site-packages", {st_mode=S_IFDIR|0775, st_size=4096, ...}) = 0
79293 stat("/tmp/fsearch-warm-release-build/src", {st_mode=S_IFDIR|0700, st_size=4096, ...}) = 0
79293 stat("/home/ecochran76/.local/share/uv/python/cpython-3.12.13-linux-x86_64-gnu/lib/python3.12", {st_mode=S_IFDIR|0775, st_size=4096, ...}) = 0
79293 stat("/home/ecochran76/.local/share/uv/python/cpython-3.12.13-linux-x86_64-gnu/lib/python3.12/lib-dynload", {st_mode=S_IFDIR|0775, st_size=4096, ...}) = 0
79293 stat("/home/ecochran76/.local/lib/python3.12/site-packages", {st_mode=S_IFDIR|0775, st_size=4096, ...}) = 0
79293 stat("/home/ecochran76/.local/share/uv/python/cpython-3.12.13-linux-x86_64-gnu/lib/python3.12/site-packages", {st_mode=S_IFDIR|0775, st_size=4096, ...}) = 0
79293 stat("/tmp/fsearch-warm-release-build/src", {st_mode=S_IFDIR|0700, st_size=4096, ...}) = 0
79293 stat("/home/ecochran76/.local/share/uv/python/cpython-3.12.13-linux-x86_64-gnu/lib/python3.12", {st_mode=S_IFDIR|0775, st_size=4096, ...}) = 0
79293 stat("/home/ecochran76/.local/share/uv/python/cpython-3.12.13-linux-x86_64-gnu/lib/python3.12/lib-dynload", {st_mode=S_IFDIR|0775, st_size=4096, ...}) = 0
79293 stat("/home/ecochran76/.local/lib/python3.12/site-packages", {st_mode=S_IFDIR|0775, st_size=4096, ...}) = 0
79293 stat("/home/ecochran76/.local/share/uv/python/cpython-3.12.13-linux-x86_64-gnu/lib/python3.12/site-packages", {st_mode=S_IFDIR|0775, st_size=4096, ...}) = 0
79293 stat("/tmp/fsearch-warm-release-build/src", {st_mode=S_IFDIR|0700, st_size=4096, ...}) = 0
79293 stat("/home/ecochran76/.local/share/uv/python/cpython-3.12.13-linux-x86_64-gnu/lib/python3.12", {st_mode=S_IFDIR|0775, st_size=4096, ...}) = 0
79293 stat("/home/ecochran76/.local/share/uv/python/cpython-3.12.13-linux-x86_64-gnu/lib/python3.12/lib-dynload", {st_mode=S_IFDIR|0775, st_size=4096, ...}) = 0
79293 stat("/home/ecochran76/.local/lib/python3.12/site-packages", {st_mode=S_IFDIR|0775, st_size=4096, ...}) = 0
79293 stat("/home/ecochran76/.local/share/uv/python/cpython-3.12.13-linux-x86_64-gnu/lib/python3.12/site-packages", {st_mode=S_IFDIR|0775, st_size=4096, ...}) = 0
79293 stat("/tmp/fsearch-warm-release-build/src", {st_mode=S_IFDIR|0700, st_size=4096, ...}) = 0
79293 stat("/home/ecochran76/.local/share/uv/python/cpython-3.12.13-linux-x86_64-gnu/lib/python3.12", {st_mode=S_IFDIR|0775, st_size=4096, ...}) = 0
79293 stat("/home/ecochran76/.local/share/uv/python/cpython-3.12.13-linux-x86_64-gnu/lib/python3.12/urllib/__init__.cpython-312-x86_64-linux-gnu.so", 0x7fff49562848) = -1 ENOENT (No such file or directory)
79293 stat("/home/ecochran76/.local/share/uv/python/cpython-3.12.13-linux-x86_64-gnu/lib/python3.12/urllib/__init__.abi3.so", 0x7fff49562848) = -1 ENOENT (No such file or directory)
79293 stat("/home/ecochran76/.local/share/uv/python/cpython-3.12.13-linux-x86_64-gnu/lib/python3.12/urllib/__init__.so", 0x7fff49562848) = -1 ENOENT (No such file or directory)
79293 stat("/home/ecochran76/.local/share/uv/python/cpython-3.12.13-linux-x86_64-gnu/lib/python3.12/urllib/__init__.py", {st_mode=S_IFREG|0664, st_size=0, ...}) = 0
79293 stat("/home/ecochran76/.local/share/uv/python/cpython-3.12.13-linux-x86_64-gnu/lib/python3.12/urllib/__init__.py", {st_mode=S_IFREG|0664, st_size=0, ...}) = 0
79293 openat(AT_FDCWD</home/ecochran76/workspace.local/fsearch>, "/home/ecochran76/.local/share/uv/python/cpython-3.12.13-linux-x86_64-gnu/lib/python3.12/urllib/__pycache__/__init__.cpython-312.pyc", O_RDONLY|O_CLOEXEC) = 3</home/ecochran76/.local/share/uv/python/cpython-3.12.13-linux-x86_64-gnu/lib/python3.12/urllib/__pycache__/__init__.cpython-312.pyc>
79293 stat("/home/ecochran76/.local/share/uv/python/cpython-3.12.13-linux-x86_64-gnu/lib/python3.12/urllib", {st_mode=S_IFDIR|0775, st_size=4096, ...}) = 0
79293 stat("/home/ecochran76/.local/share/uv/python/cpython-3.12.13-linux-x86_64-gnu/lib/python3.12/urllib", {st_mode=S_IFDIR|0775, st_size=4096, ...}) = 0
79293 stat("/home/ecochran76/.local/share/uv/python/cpython-3.12.13-linux-x86_64-gnu/lib/python3.12/urllib", {st_mode=S_IFDIR|0775, st_size=4096, ...}) = 0
79293 openat(AT_FDCWD</home/ecochran76/workspace.local/fsearch>, "/home/ecochran76/.local/share/uv/python/cpython-3.12.13-linux-x86_64-gnu/lib/python3.12/urllib", O_RDONLY|O_NONBLOCK|O_CLOEXEC|O_DIRECTORY) = 3</home/ecochran76/.local/share/uv/python/cpython-3.12.13-linux-x86_64-gnu/lib/python3.12/urllib>
79293 getdents64(3</home/ecochran76/.local/share/uv/python/cpython-3.12.13-linux-x86_64-gnu/lib/python3.12/urllib>, 0x1fc3e4d0 /* 9 entries */, 32768) = 280
79293 getdents64(3</home/ecochran76/.local/share/uv/python/cpython-3.12.13-linux-x86_64-gnu/lib/python3.12/urllib>, 0x1fc3e4d0 /* 0 entries */, 32768) = 0
79293 stat("/home/ecochran76/.local/share/uv/python/cpython-3.12.13-linux-x86_64-gnu/lib/python3.12/urllib/parse.py", {st_mode=S_IFREG|0664, st_size=45676, ...}) = 0
79293 stat("/home/ecochran76/.local/share/uv/python/cpython-3.12.13-linux-x86_64-gnu/lib/python3.12/urllib/parse.py", {st_mode=S_IFREG|0664, st_size=45676, ...}) = 0
79293 openat(AT_FDCWD</home/ecochran76/workspace.local/fsearch>, "/home/ecochran76/.local/share/uv/python/cpython-3.12.13-linux-x86_64-gnu/lib/python3.12/urllib/__pycache__/parse.cpython-312.pyc", O_RDONLY|O_CLOEXEC) = 3</home/ecochran76/.local/share/uv/python/cpython-3.12.13-linux-x86_64-gnu/lib/python3.12/urllib/__pycache__/parse.cpython-312.pyc>
79293 stat("/tmp/fsearch-warm-release-build/src", {st_mode=S_IFDIR|0700, st_size=4096, ...}) = 0
79293 stat("/home/ecochran76/.local/share/uv/python/cpython-3.12.13-linux-x86_64-gnu/lib/python3.12", {st_mode=S_IFDIR|0775, st_size=4096, ...}) = 0
79293 stat("/home/ecochran76/.local/share/uv/python/cpython-3.12.13-linux-x86_64-gnu/lib/python3.12/ipaddress.py", {st_mode=S_IFREG|0664, st_size=81414, ...}) = 0
79293 stat("/home/ecochran76/.local/share/uv/python/cpython-3.12.13-linux-x86_64-gnu/lib/python3.12/ipaddress.py", {st_mode=S_IFREG|0664, st_size=81414, ...}) = 0
79293 openat(AT_FDCWD</home/ecochran76/workspace.local/fsearch>, "/home/ecochran76/.local/share/uv/python/cpython-3.12.13-linux-x86_64-gnu/lib/python3.12/__pycache__/ipaddress.cpython-312.pyc", O_RDONLY|O_CLOEXEC) = 3</home/ecochran76/.local/share/uv/python/cpython-3.12.13-linux-x86_64-gnu/lib/python3.12/__pycache__/ipaddress.cpython-312.pyc>
79293 stat("/tmp/fsearch-warm-release-build/src", {st_mode=S_IFDIR|0700, st_size=4096, ...}) = 0
79293 stat("/home/ecochran76/.local/share/uv/python/cpython-3.12.13-linux-x86_64-gnu/lib/python3.12", {st_mode=S_IFDIR|0775, st_size=4096, ...}) = 0
79293 stat("/home/ecochran76/.local/share/uv/python/cpython-3.12.13-linux-x86_64-gnu/lib/python3.12/selectors.py", {st_mode=S_IFREG|0664, st_size=19671, ...}) = 0
79293 stat("/home/ecochran76/.local/share/uv/python/cpython-3.12.13-linux-x86_64-gnu/lib/python3.12/selectors.py", {st_mode=S_IFREG|0664, st_size=19671, ...}) = 0
79293 openat(AT_FDCWD</home/ecochran76/workspace.local/fsearch>, "/home/ecochran76/.local/share/uv/python/cpython-3.12.13-linux-x86_64-gnu/lib/python3.12/__pycache__/selectors.cpython-312.pyc", O_RDONLY|O_CLOEXEC) = 3</home/ecochran76/.local/share/uv/python/cpython-3.12.13-linux-x86_64-gnu/lib/python3.12/__pycache__/selectors.cpython-312.pyc>
79293 stat("/home/ecochran76/.local/share/uv/python/cpython-3.12.13-linux-x86_64-gnu/lib/python3.12/collections", {st_mode=S_IFDIR|0775, st_size=4096, ...}) = 0
79293 stat("/home/ecochran76/.local/share/uv/python/cpython-3.12.13-linux-x86_64-gnu/lib/python3.12/collections", {st_mode=S_IFDIR|0775, st_size=4096, ...}) = 0
79293 stat("/home/ecochran76/.local/share/uv/python/cpython-3.12.13-linux-x86_64-gnu/lib/python3.12/collections", {st_mode=S_IFDIR|0775, st_size=4096, ...}) = 0
79293 openat(AT_FDCWD</home/ecochran76/workspace.local/fsearch>, "/home/ecochran76/.local/share/uv/python/cpython-3.12.13-linux-x86_64-gnu/lib/python3.12/collections", O_RDONLY|O_NONBLOCK|O_CLOEXEC|O_DIRECTORY) = 3</home/ecochran76/.local/share/uv/python/cpython-3.12.13-linux-x86_64-gnu/lib/python3.12/collections>
79293 getdents64(3</home/ecochran76/.local/share/uv/python/cpython-3.12.13-linux-x86_64-gnu/lib/python3.12/collections>, 0x1fc63f20 /* 5 entries */, 32768) = 144
79293 getdents64(3</home/ecochran76/.local/share/uv/python/cpython-3.12.13-linux-x86_64-gnu/lib/python3.12/collections>, 0x1fc63f20 /* 0 entries */, 32768) = 0
79293 stat("/home/ecochran76/.local/share/uv/python/cpython-3.12.13-linux-x86_64-gnu/lib/python3.12/collections/abc.py", {st_mode=S_IFREG|0664, st_size=119, ...}) = 0
79293 stat("/home/ecochran76/.local/share/uv/python/cpython-3.12.13-linux-x86_64-gnu/lib/python3.12/collections/abc.py", {st_mode=S_IFREG|0664, st_size=119, ...}) = 0
79293 openat(AT_FDCWD</home/ecochran76/workspace.local/fsearch>, "/home/ecochran76/.local/share/uv/python/cpython-3.12.13-linux-x86_64-gnu/lib/python3.12/collections/__pycache__/abc.cpython-312.pyc", O_RDONLY|O_CLOEXEC) = 3</home/ecochran76/.local/share/uv/python/cpython-3.12.13-linux-x86_64-gnu/lib/python3.12/collections/__pycache__/abc.cpython-312.pyc>
79293 stat("/tmp/fsearch-warm-release-build/src", {st_mode=S_IFDIR|0700, st_size=4096, ...}) = 0
79293 stat("/home/ecochran76/.local/share/uv/python/cpython-3.12.13-linux-x86_64-gnu/lib/python3.12", {st_mode=S_IFDIR|0775, st_size=4096, ...}) = 0
79293 stat("/home/ecochran76/.local/share/uv/python/cpython-3.12.13-linux-x86_64-gnu/lib/python3.12/signal.py", {st_mode=S_IFREG|0664, st_size=2495, ...}) = 0
79293 stat("/home/ecochran76/.local/share/uv/python/cpython-3.12.13-linux-x86_64-gnu/lib/python3.12/signal.py", {st_mode=S_IFREG|0664, st_size=2495, ...}) = 0
79293 openat(AT_FDCWD</home/ecochran76/workspace.local/fsearch>, "/home/ecochran76/.local/share/uv/python/cpython-3.12.13-linux-x86_64-gnu/lib/python3.12/__pycache__/signal.cpython-312.pyc", O_RDONLY|O_CLOEXEC) = 3</home/ecochran76/.local/share/uv/python/cpython-3.12.13-linux-x86_64-gnu/lib/python3.12/__pycache__/signal.cpython-312.pyc>
79293 stat("/tmp/fsearch-warm-release-build/src", {st_mode=S_IFDIR|0700, st_size=4096, ...}) = 0
79293 stat("/home/ecochran76/.local/share/uv/python/cpython-3.12.13-linux-x86_64-gnu/lib/python3.12", {st_mode=S_IFDIR|0775, st_size=4096, ...}) = 0
79293 stat("/home/ecochran76/.local/share/uv/python/cpython-3.12.13-linux-x86_64-gnu/lib/python3.12/socket.py", {st_mode=S_IFREG|0664, st_size=37815, ...}) = 0
79293 stat("/home/ecochran76/.local/share/uv/python/cpython-3.12.13-linux-x86_64-gnu/lib/python3.12/socket.py", {st_mode=S_IFREG|0664, st_size=37815, ...}) = 0
79293 openat(AT_FDCWD</home/ecochran76/workspace.local/fsearch>, "/home/ecochran76/.local/share/uv/python/cpython-3.12.13-linux-x86_64-gnu/lib/python3.12/__pycache__/socket.cpython-312.pyc", O_RDONLY|O_CLOEXEC) = 3</home/ecochran76/.local/share/uv/python/cpython-3.12.13-linux-x86_64-gnu/lib/python3.12/__pycache__/socket.cpython-312.pyc>
79293 stat("/tmp/fsearch-warm-release-build/src", {st_mode=S_IFDIR|0700, st_size=4096, ...}) = 0
79293 stat("/home/ecochran76/.local/share/uv/python/cpython-3.12.13-linux-x86_64-gnu/lib/python3.12", {st_mode=S_IFDIR|0775, st_size=4096, ...}) = 0
79293 stat("/home/ecochran76/.local/share/uv/python/cpython-3.12.13-linux-x86_64-gnu/lib/python3.12/subprocess.py", {st_mode=S_IFREG|0664, st_size=88747, ...}) = 0
79293 stat("/home/ecochran76/.local/share/uv/python/cpython-3.12.13-linux-x86_64-gnu/lib/python3.12/subprocess.py", {st_mode=S_IFREG|0664, st_size=88747, ...}) = 0
79293 openat(AT_FDCWD</home/ecochran76/workspace.local/fsearch>, "/home/ecochran76/.local/share/uv/python/cpython-3.12.13-linux-x86_64-gnu/lib/python3.12/__pycache__/subprocess.cpython-312.pyc", O_RDONLY|O_CLOEXEC) = 3</home/ecochran76/.local/share/uv/python/cpython-3.12.13-linux-x86_64-gnu/lib/python3.12/__pycache__/subprocess.cpython-312.pyc>
79293 stat("/tmp/fsearch-warm-release-build/src", {st_mode=S_IFDIR|0700, st_size=4096, ...}) = 0
79293 stat("/home/ecochran76/.local/share/uv/python/cpython-3.12.13-linux-x86_64-gnu/lib/python3.12", {st_mode=S_IFDIR|0775, st_size=4096, ...}) = 0
79293 stat("/home/ecochran76/.local/share/uv/python/cpython-3.12.13-linux-x86_64-gnu/lib/python3.12/locale.py", {st_mode=S_IFREG|0664, st_size=78599, ...}) = 0
79293 stat("/home/ecochran76/.local/share/uv/python/cpython-3.12.13-linux-x86_64-gnu/lib/python3.12/locale.py", {st_mode=S_IFREG|0664, st_size=78599, ...}) = 0
79293 openat(AT_FDCWD</home/ecochran76/workspace.local/fsearch>, "/home/ecochran76/.local/share/uv/python/cpython-3.12.13-linux-x86_64-gnu/lib/python3.12/__pycache__/locale.cpython-312.pyc", O_RDONLY|O_CLOEXEC) = 3</home/ecochran76/.local/share/uv/python/cpython-3.12.13-linux-x86_64-gnu/lib/python3.12/__pycache__/locale.cpython-312.pyc>
79293 stat("/tmp/fsearch-warm-release-build/src", {st_mode=S_IFDIR|0700, st_size=4096, ...}) = 0
79293 stat("/home/ecochran76/.local/share/uv/python/cpython-3.12.13-linux-x86_64-gnu/lib/python3.12", {st_mode=S_IFDIR|0775, st_size=4096, ...}) = 0
79293 stat("/home/ecochran76/.local/share/uv/python/cpython-3.12.13-linux-x86_64-gnu/lib/python3.12/threading.py", {st_mode=S_IFREG|0664, st_size=60200, ...}) = 0
79293 stat("/home/ecochran76/.local/share/uv/python/cpython-3.12.13-linux-x86_64-gnu/lib/python3.12/threading.py", {st_mode=S_IFREG|0664, st_size=60200, ...}) = 0
79293 openat(AT_FDCWD</home/ecochran76/workspace.local/fsearch>, "/home/ecochran76/.local/share/uv/python/cpython-3.12.13-linux-x86_64-gnu/lib/python3.12/__pycache__/threading.cpython-312.pyc", O_RDONLY|O_CLOEXEC) = 3</home/ecochran76/.local/share/uv/python/cpython-3.12.13-linux-x86_64-gnu/lib/python3.12/__pycache__/threading.cpython-312.pyc>
79293 stat("/tmp/fsearch-warm-release-build/src", {st_mode=S_IFDIR|0700, st_size=4096, ...}) = 0
79293 stat("/home/ecochran76/.local/share/uv/python/cpython-3.12.13-linux-x86_64-gnu/lib/python3.12", {st_mode=S_IFDIR|0775, st_size=4096, ...}) = 0
79293 stat("/home/ecochran76/.local/share/uv/python/cpython-3.12.13-linux-x86_64-gnu/lib/python3.12/_weakrefset.py", {st_mode=S_IFREG|0664, st_size=5893, ...}) = 0
79293 stat("/home/ecochran76/.local/share/uv/python/cpython-3.12.13-linux-x86_64-gnu/lib/python3.12/_weakrefset.py", {st_mode=S_IFREG|0664, st_size=5893, ...}) = 0
79293 openat(AT_FDCWD</home/ecochran76/workspace.local/fsearch>, "/home/ecochran76/.local/share/uv/python/cpython-3.12.13-linux-x86_64-gnu/lib/python3.12/__pycache__/_weakrefset.cpython-312.pyc", O_RDONLY|O_CLOEXEC) = 3</home/ecochran76/.local/share/uv/python/cpython-3.12.13-linux-x86_64-gnu/lib/python3.12/__pycache__/_weakrefset.cpython-312.pyc>
79293 stat("/tmp/fsearch-warm-release-build/src", {st_mode=S_IFDIR|0700, st_size=4096, ...}) = 0
79293 stat("/home/ecochran76/.local/share/uv/python/cpython-3.12.13-linux-x86_64-gnu/lib/python3.12", {st_mode=S_IFDIR|0775, st_size=4096, ...}) = 0
79293 stat("/home/ecochran76/.local/share/uv/python/cpython-3.12.13-linux-x86_64-gnu/lib/python3.12/contextlib.py", {st_mode=S_IFREG|0664, st_size=27637, ...}) = 0
79293 stat("/home/ecochran76/.local/share/uv/python/cpython-3.12.13-linux-x86_64-gnu/lib/python3.12/contextlib.py", {st_mode=S_IFREG|0664, st_size=27637, ...}) = 0
79293 openat(AT_FDCWD</home/ecochran76/workspace.local/fsearch>, "/home/ecochran76/.local/share/uv/python/cpython-3.12.13-linux-x86_64-gnu/lib/python3.12/__pycache__/contextlib.cpython-312.pyc", O_RDONLY|O_CLOEXEC) = 3</home/ecochran76/.local/share/uv/python/cpython-3.12.13-linux-x86_64-gnu/lib/python3.12/__pycache__/contextlib.cpython-312.pyc>
79293 stat("/tmp/fsearch-warm-release-build/src", {st_mode=S_IFDIR|0700, st_size=4096, ...}) = 0
79293 stat("/home/ecochran76/.local/share/uv/python/cpython-3.12.13-linux-x86_64-gnu/lib/python3.12", {st_mode=S_IFDIR|0775, st_size=4096, ...}) = 0
79293 stat("/home/ecochran76/.local/share/uv/python/cpython-3.12.13-linux-x86_64-gnu/lib/python3.12/lib-dynload", {st_mode=S_IFDIR|0775, st_size=4096, ...}) = 0
79293 stat("/home/ecochran76/.local/lib/python3.12/site-packages", {st_mode=S_IFDIR|0775, st_size=4096, ...}) = 0
79293 stat("/home/ecochran76/.local/share/uv/python/cpython-3.12.13-linux-x86_64-gnu/lib/python3.12/site-packages", {st_mode=S_IFDIR|0775, st_size=4096, ...}) = 0
79293 stat("/tmp/fsearch-warm-release-build/src", {st_mode=S_IFDIR|0700, st_size=4096, ...}) = 0
79293 stat("/home/ecochran76/.local/share/uv/python/cpython-3.12.13-linux-x86_64-gnu/lib/python3.12", {st_mode=S_IFDIR|0775, st_size=4096, ...}) = 0
79293 stat("/home/ecochran76/.local/share/uv/python/cpython-3.12.13-linux-x86_64-gnu/lib/python3.12/uuid.py", {st_mode=S_IFREG|0664, st_size=29656, ...}) = 0
79293 stat("/home/ecochran76/.local/share/uv/python/cpython-3.12.13-linux-x86_64-gnu/lib/python3.12/uuid.py", {st_mode=S_IFREG|0664, st_size=29656, ...}) = 0
79293 openat(AT_FDCWD</home/ecochran76/workspace.local/fsearch>, "/home/ecochran76/.local/share/uv/python/cpython-3.12.13-linux-x86_64-gnu/lib/python3.12/__pycache__/uuid.cpython-312.pyc", O_RDONLY|O_CLOEXEC) = 3</home/ecochran76/.local/share/uv/python/cpython-3.12.13-linux-x86_64-gnu/lib/python3.12/__pycache__/uuid.cpython-312.pyc>
79293 stat("/tmp/fsearch-warm-release-build/src", {st_mode=S_IFDIR|0700, st_size=4096, ...}) = 0
79293 stat("/home/ecochran76/.local/share/uv/python/cpython-3.12.13-linux-x86_64-gnu/lib/python3.12", {st_mode=S_IFDIR|0775, st_size=4096, ...}) = 0
79293 stat("/home/ecochran76/.local/share/uv/python/cpython-3.12.13-linux-x86_64-gnu/lib/python3.12/platform.py", {st_mode=S_IFREG|0775, st_size=43388, ...}) = 0
79293 stat("/home/ecochran76/.local/share/uv/python/cpython-3.12.13-linux-x86_64-gnu/lib/python3.12/platform.py", {st_mode=S_IFREG|0775, st_size=43388, ...}) = 0
79293 openat(AT_FDCWD</home/ecochran76/workspace.local/fsearch>, "/home/ecochran76/.local/share/uv/python/cpython-3.12.13-linux-x86_64-gnu/lib/python3.12/__pycache__/platform.cpython-312.pyc", O_RDONLY|O_CLOEXEC) = 3</home/ecochran76/.local/share/uv/python/cpython-3.12.13-linux-x86_64-gnu/lib/python3.12/__pycache__/platform.cpython-312.pyc>
79293 stat("/tmp/fsearch-warm-release-build/src", {st_mode=S_IFDIR|0700, st_size=4096, ...}) = 0
79293 stat("/home/ecochran76/.local/share/uv/python/cpython-3.12.13-linux-x86_64-gnu/lib/python3.12", {st_mode=S_IFDIR|0775, st_size=4096, ...}) = 0
79293 stat("/home/ecochran76/.local/share/uv/python/cpython-3.12.13-linux-x86_64-gnu/lib/python3.12/lib-dynload", {st_mode=S_IFDIR|0775, st_size=4096, ...}) = 0
79293 stat("/home/ecochran76/.local/lib/python3.12/site-packages", {st_mode=S_IFDIR|0775, st_size=4096, ...}) = 0
79293 stat("/home/ecochran76/.local/share/uv/python/cpython-3.12.13-linux-x86_64-gnu/lib/python3.12/site-packages", {st_mode=S_IFDIR|0775, st_size=4096, ...}) = 0
79293 stat("/home/ecochran76/.local/share/uv/python/cpython-3.12.13-linux-x86_64-gnu/share/locale/C.UTF-8/LC_MESSAGES/messages.mo", 0x7fff495636f8) = -1 ENOENT (No such file or directory)
79293 stat("/home/ecochran76/.local/share/uv/python/cpython-3.12.13-linux-x86_64-gnu/share/locale/C.UTF-8/LC_MESSAGES/messages.mo", 0x7fff49563738) = -1 ENOENT (No such file or directory)
79293 stat("/home/ecochran76/.local/share/uv/python/cpython-3.12.13-linux-x86_64-gnu/share/locale/C.UTF-8/LC_MESSAGES/messages.mo", 0x7fff49563738) = -1 ENOENT (No such file or directory)
79293 stat("/tmp/fsearch-warm-release-build/src", {st_mode=S_IFDIR|0700, st_size=4096, ...}) = 0
79293 stat("/home/ecochran76/.local/share/uv/python/cpython-3.12.13-linux-x86_64-gnu/lib/python3.12", {st_mode=S_IFDIR|0775, st_size=4096, ...}) = 0
79293 stat("/home/ecochran76/.local/share/uv/python/cpython-3.12.13-linux-x86_64-gnu/lib/python3.12/shutil.py", {st_mode=S_IFREG|0664, st_size=56762, ...}) = 0
79293 stat("/home/ecochran76/.local/share/uv/python/cpython-3.12.13-linux-x86_64-gnu/lib/python3.12/shutil.py", {st_mode=S_IFREG|0664, st_size=56762, ...}) = 0
79293 openat(AT_FDCWD</home/ecochran76/workspace.local/fsearch>, "/home/ecochran76/.local/share/uv/python/cpython-3.12.13-linux-x86_64-gnu/lib/python3.12/__pycache__/shutil.cpython-312.pyc", O_RDONLY|O_CLOEXEC) = 3</home/ecochran76/.local/share/uv/python/cpython-3.12.13-linux-x86_64-gnu/lib/python3.12/__pycache__/shutil.cpython-312.pyc>
79293 stat("/tmp/fsearch-warm-release-build/src", {st_mode=S_IFDIR|0700, st_size=4096, ...}) = 0
79293 stat("/home/ecochran76/.local/share/uv/python/cpython-3.12.13-linux-x86_64-gnu/lib/python3.12", {st_mode=S_IFDIR|0775, st_size=4096, ...}) = 0
79293 stat("/home/ecochran76/.local/share/uv/python/cpython-3.12.13-linux-x86_64-gnu/lib/python3.12/bz2.py", {st_mode=S_IFREG|0664, st_size=11847, ...}) = 0
79293 stat("/home/ecochran76/.local/share/uv/python/cpython-3.12.13-linux-x86_64-gnu/lib/python3.12/bz2.py", {st_mode=S_IFREG|0664, st_size=11847, ...}) = 0
79293 openat(AT_FDCWD</home/ecochran76/workspace.local/fsearch>, "/home/ecochran76/.local/share/uv/python/cpython-3.12.13-linux-x86_64-gnu/lib/python3.12/__pycache__/bz2.cpython-312.pyc", O_RDONLY|O_CLOEXEC) = 3</home/ecochran76/.local/share/uv/python/cpython-3.12.13-linux-x86_64-gnu/lib/python3.12/__pycache__/bz2.cpython-312.pyc>
79293 stat("/tmp/fsearch-warm-release-build/src", {st_mode=S_IFDIR|0700, st_size=4096, ...}) = 0
79293 stat("/home/ecochran76/.local/share/uv/python/cpython-3.12.13-linux-x86_64-gnu/lib/python3.12", {st_mode=S_IFDIR|0775, st_size=4096, ...}) = 0
79293 stat("/home/ecochran76/.local/share/uv/python/cpython-3.12.13-linux-x86_64-gnu/lib/python3.12/_compression.py", {st_mode=S_IFREG|0664, st_size=5681, ...}) = 0
79293 stat("/home/ecochran76/.local/share/uv/python/cpython-3.12.13-linux-x86_64-gnu/lib/python3.12/_compression.py", {st_mode=S_IFREG|0664, st_size=5681, ...}) = 0
79293 openat(AT_FDCWD</home/ecochran76/workspace.local/fsearch>, "/home/ecochran76/.local/share/uv/python/cpython-3.12.13-linux-x86_64-gnu/lib/python3.12/__pycache__/_compression.cpython-312.pyc", O_RDONLY|O_CLOEXEC) = 3</home/ecochran76/.local/share/uv/python/cpython-3.12.13-linux-x86_64-gnu/lib/python3.12/__pycache__/_compression.cpython-312.pyc>
79293 stat("/tmp/fsearch-warm-release-build/src", {st_mode=S_IFDIR|0700, st_size=4096, ...}) = 0
79293 stat("/home/ecochran76/.local/share/uv/python/cpython-3.12.13-linux-x86_64-gnu/lib/python3.12", {st_mode=S_IFDIR|0775, st_size=4096, ...}) = 0
79293 stat("/home/ecochran76/.local/share/uv/python/cpython-3.12.13-linux-x86_64-gnu/lib/python3.12/lzma.py", {st_mode=S_IFREG|0664, st_size=13277, ...}) = 0
79293 stat("/home/ecochran76/.local/share/uv/python/cpython-3.12.13-linux-x86_64-gnu/lib/python3.12/lzma.py", {st_mode=S_IFREG|0664, st_size=13277, ...}) = 0
79293 openat(AT_FDCWD</home/ecochran76/workspace.local/fsearch>, "/home/ecochran76/.local/share/uv/python/cpython-3.12.13-linux-x86_64-gnu/lib/python3.12/__pycache__/lzma.cpython-312.pyc", O_RDONLY|O_CLOEXEC) = 3</home/ecochran76/.local/share/uv/python/cpython-3.12.13-linux-x86_64-gnu/lib/python3.12/__pycache__/lzma.cpython-312.pyc>
79293 openat(AT_FDCWD</home/ecochran76/workspace.local/fsearch>, "/tmp/fsearch-replace-trace-vm797boj", O_RDONLY|O_NOFOLLOW|O_CLOEXEC|O_DIRECTORY) = 3</tmp/fsearch-replace-trace-vm797boj>
79293 openat(3</tmp/fsearch-replace-trace-vm797boj>, "search.sock.lock", O_RDWR|O_CREAT|O_NONBLOCK|O_NOFOLLOW|O_CLOEXEC, 0600) = 4</tmp/fsearch-replace-trace-vm797boj/search.sock.lock>
79293 openat(3</tmp/fsearch-replace-trace-vm797boj>, "search.sock.state", O_RDONLY|O_NONBLOCK|O_NOFOLLOW|O_CLOEXEC) = -1 ENOENT (No such file or directory)
79293 openat(3</tmp/fsearch-replace-trace-vm797boj>, "search.sock.state", O_RDONLY|O_NONBLOCK|O_NOFOLLOW|O_CLOEXEC) = -1 ENOENT (No such file or directory)
79293 openat(AT_FDCWD</home/ecochran76/workspace.local/fsearch>, "/proc/79293/stat", O_RDONLY|O_CLOEXEC) = 6</proc/79293/stat>
79293 openat(AT_FDCWD</home/ecochran76/workspace.local/fsearch>, "/proc/sys/kernel/random/boot_id", O_RDONLY|O_CLOEXEC) = 6</proc/sys/kernel/random/boot_id>
79293 openat(AT_FDCWD</home/ecochran76/workspace.local/fsearch>, "/dev/urandom", O_RDONLY|O_CLOEXEC) = 6</dev/urandom<char 1:9>>
79293 openat(3</tmp/fsearch-replace-trace-vm797boj>, "search.sock.state.4d63b1c9fccc43988bb4b8a97ee2bc7b", O_WRONLY|O_CREAT|O_EXCL|O_NONBLOCK|O_NOFOLLOW|O_CLOEXEC, 0600) = 7</tmp/fsearch-replace-trace-vm797boj/search.sock.state.4d63b1c9fccc43988bb4b8a97ee2bc7b>
79293 renameat(3</tmp/fsearch-replace-trace-vm797boj>, "search.sock.state.4d63b1c9fccc43988bb4b8a97ee2bc7b", 3</tmp/fsearch-replace-trace-vm797boj>, "search.sock.state") = 0
79293 unlinkat(3</tmp/fsearch-replace-trace-vm797boj>, "search.sock.state.4d63b1c9fccc43988bb4b8a97ee2bc7b", 0) = -1 ENOENT (No such file or directory)
79293 newfstatat(3</tmp/fsearch-replace-trace-vm797boj>, "search.sock", 0x7fff495636f8, AT_SYMLINK_NOFOLLOW) = -1 ENOENT (No such file or directory)
79293 newfstatat(3</tmp/fsearch-replace-trace-vm797boj>, "search.sock", {st_mode=S_IFSOCK|0700, st_size=0, ...}, AT_SYMLINK_NOFOLLOW) = 0
79293 lstat("/tmp", {st_mode=S_IFDIR|S_ISVTX|0777, st_size=1257472, ...}) = 0
79293 lstat("/tmp/fsearch-warm-release-build", {st_mode=S_IFDIR|0700, st_size=4096, ...}) = 0
79293 lstat("/tmp/fsearch-warm-release-build/src", {st_mode=S_IFDIR|0700, st_size=4096, ...}) = 0
79293 lstat("/tmp/fsearch-warm-release-build/src/fsearch-service", {st_mode=S_IFREG|0700, st_size=32186, ...}) = 0
79293 stat("/tmp/fsearch-warm-release-build/src/fsearch-service", {st_mode=S_IFREG|0700, st_size=32186, ...}) = 0
79293 openat(AT_FDCWD</home/ecochran76/workspace.local/fsearch>, "/dev/null", O_RDWR|O_CLOEXEC) = 13</dev/null<char 1:3>>
79320 openat(AT_FDCWD</home/ecochran76/workspace.local/fsearch>, "/proc/self/fd", O_RDONLY|O_CLOEXEC) = 10</proc/79320/fd>
79320 getdents64(10</proc/79320/fd>, 0x7fff49563380 /* 11 entries */, 280) = 264
79320 getdents64(10</proc/79320/fd>, 0x7fff49563380 /* 5 entries */, 280) = 120
79320 getdents64(10</proc/79320/fd>, 0x7fff49563380 /* 0 entries */, 280) = 0
79320 execve("/tmp/fsearch-warm-release-build/src/fsearch-worker", ["/tmp/fsearch-warm-release-build/src/fsearch-worker", "/tmp/fsearch-replace-trace-vm797boj/snapshot.db", "79293"], 0x7fff49564538 /* 259 vars */) = 0
79293 openat(AT_FDCWD</home/ecochran76/workspace.local/fsearch>, "/proc/79320/stat", O_RDONLY|O_CLOEXEC <unfinished ...>
79320 access("/etc/ld.so.preload", R_OK) = -1 ENOENT (No such file or directory)
79293 <... openat resumed>)             = 9</proc/79320/stat>
79320 openat(AT_FDCWD</home/ecochran76/workspace.local/fsearch>, "/etc/ld.so.cache", O_RDONLY|O_CLOEXEC) = 3</etc/ld.so.cache>
79320 openat(AT_FDCWD</home/ecochran76/workspace.local/fsearch>, "/lib/x86_64-linux-gnu/libm.so.6", O_RDONLY|O_CLOEXEC) = 3</usr/lib/x86_64-linux-gnu/libm.so.6>
79293 openat(AT_FDCWD</home/ecochran76/workspace.local/fsearch>, "/proc/sys/kernel/random/boot_id", O_RDONLY|O_CLOEXEC) = 9</proc/sys/kernel/random/boot_id>
79320 openat(AT_FDCWD</home/ecochran76/workspace.local/fsearch>, "/lib/x86_64-linux-gnu/libgio-2.0.so.0", O_RDONLY|O_CLOEXEC) = 3</usr/lib/x86_64-linux-gnu/libgio-2.0.so.0.8000.0>
79293 openat(AT_FDCWD</home/ecochran76/workspace.local/fsearch>, "/proc/79293/stat", O_RDONLY|O_CLOEXEC) = 9</proc/79293/stat>
79320 openat(AT_FDCWD</home/ecochran76/workspace.local/fsearch>, "/lib/x86_64-linux-gnu/libgobject-2.0.so.0", O_RDONLY|O_CLOEXEC) = 3</usr/lib/x86_64-linux-gnu/libgobject-2.0.so.0.8000.0>
79293 openat(AT_FDCWD</home/ecochran76/workspace.local/fsearch>, "/proc/sys/kernel/random/boot_id", O_RDONLY|O_CLOEXEC) = 9</proc/sys/kernel/random/boot_id>
79320 openat(AT_FDCWD</home/ecochran76/workspace.local/fsearch>, "/lib/x86_64-linux-gnu/libglib-2.0.so.0", O_RDONLY|O_CLOEXEC) = 3</usr/lib/x86_64-linux-gnu/libglib-2.0.so.0.8000.0>
79293 openat(3</tmp/fsearch-replace-trace-vm797boj>, "search.sock.state.b4222fcd4cd34fde9c77c5f3757b7ee0", O_WRONLY|O_CREAT|O_EXCL|O_NONBLOCK|O_NOFOLLOW|O_CLOEXEC, 0600) = 9</tmp/fsearch-replace-trace-vm797boj/search.sock.state.b4222fcd4cd34fde9c77c5f3757b7ee0>
79320 openat(AT_FDCWD</home/ecochran76/workspace.local/fsearch>, "/lib/x86_64-linux-gnu/libpango-1.0.so.0", O_RDONLY|O_CLOEXEC) = 3</usr/lib/x86_64-linux-gnu/libpango-1.0.so.0.5200.1>
79320 openat(AT_FDCWD</home/ecochran76/workspace.local/fsearch>, "/lib/x86_64-linux-gnu/libpcre2-8.so.0", O_RDONLY|O_CLOEXEC) = 3</usr/lib/x86_64-linux-gnu/libpcre2-8.so.0.11.2>
79320 openat(AT_FDCWD</home/ecochran76/workspace.local/fsearch>, "/lib/x86_64-linux-gnu/libicuuc.so.74", O_RDONLY|O_CLOEXEC) = 3</usr/lib/x86_64-linux-gnu/libicuuc.so.74.2>
79293 renameat(3</tmp/fsearch-replace-trace-vm797boj>, "search.sock.state.b4222fcd4cd34fde9c77c5f3757b7ee0", 3</tmp/fsearch-replace-trace-vm797boj>, "search.sock.state" <unfinished ...>
79320 openat(AT_FDCWD</home/ecochran76/workspace.local/fsearch>, "/lib/x86_64-linux-gnu/libc.so.6", O_RDONLY|O_CLOEXEC) = 3</usr/lib/x86_64-linux-gnu/libc.so.6>
79293 <... renameat resumed>)           = 0
79320 openat(AT_FDCWD</home/ecochran76/workspace.local/fsearch>, "/lib/x86_64-linux-gnu/libgmodule-2.0.so.0", O_RDONLY|O_CLOEXEC) = 3</usr/lib/x86_64-linux-gnu/libgmodule-2.0.so.0.8000.0>
79320 openat(AT_FDCWD</home/ecochran76/workspace.local/fsearch>, "/lib/x86_64-linux-gnu/libz.so.1", O_RDONLY|O_CLOEXEC) = 3</usr/lib/x86_64-linux-gnu/libz.so.1.3>
79293 unlinkat(3</tmp/fsearch-replace-trace-vm797boj>, "search.sock.state.b4222fcd4cd34fde9c77c5f3757b7ee0", 0) = -1 ENOENT (No such file or directory)
79320 openat(AT_FDCWD</home/ecochran76/workspace.local/fsearch>, "/lib/x86_64-linux-gnu/libmount.so.1", O_RDONLY|O_CLOEXEC) = 3</usr/lib/x86_64-linux-gnu/libmount.so.1.1.0>
79320 openat(AT_FDCWD</home/ecochran76/workspace.local/fsearch>, "/lib/x86_64-linux-gnu/libselinux.so.1", O_RDONLY|O_CLOEXEC) = 3</usr/lib/x86_64-linux-gnu/libselinux.so.1>
79320 openat(AT_FDCWD</home/ecochran76/workspace.local/fsearch>, "/lib/x86_64-linux-gnu/libffi.so.8", O_RDONLY|O_CLOEXEC) = 3</usr/lib/x86_64-linux-gnu/libffi.so.8.1.4>
79320 openat(AT_FDCWD</home/ecochran76/workspace.local/fsearch>, "/lib/x86_64-linux-gnu/libfribidi.so.0", O_RDONLY|O_CLOEXEC) = 3</usr/lib/x86_64-linux-gnu/libfribidi.so.0.4.0>
79320 openat(AT_FDCWD</home/ecochran76/workspace.local/fsearch>, "/lib/x86_64-linux-gnu/libthai.so.0", O_RDONLY|O_CLOEXEC) = 3</usr/lib/x86_64-linux-gnu/libthai.so.0.3.1>
79320 openat(AT_FDCWD</home/ecochran76/workspace.local/fsearch>, "/lib/x86_64-linux-gnu/libharfbuzz.so.0", O_RDONLY|O_CLOEXEC) = 3</usr/lib/x86_64-linux-gnu/libharfbuzz.so.0.60830.0>
79320 openat(AT_FDCWD</home/ecochran76/workspace.local/fsearch>, "/lib/x86_64-linux-gnu/libicudata.so.74", O_RDONLY|O_CLOEXEC) = 3</usr/lib/x86_64-linux-gnu/libicudata.so.74.2>
79320 openat(AT_FDCWD</home/ecochran76/workspace.local/fsearch>, "/lib/x86_64-linux-gnu/libstdc++.so.6", O_RDONLY|O_CLOEXEC) = 3</usr/lib/x86_64-linux-gnu/libstdc++.so.6.0.33>
79320 openat(AT_FDCWD</home/ecochran76/workspace.local/fsearch>, "/lib/x86_64-linux-gnu/libgcc_s.so.1", O_RDONLY|O_CLOEXEC) = 3</usr/lib/x86_64-linux-gnu/libgcc_s.so.1>
79320 openat(AT_FDCWD</home/ecochran76/workspace.local/fsearch>, "/lib/x86_64-linux-gnu/libblkid.so.1", O_RDONLY|O_CLOEXEC) = 3</usr/lib/x86_64-linux-gnu/libblkid.so.1.1.0>
79320 openat(AT_FDCWD</home/ecochran76/workspace.local/fsearch>, "/lib/x86_64-linux-gnu/libdatrie.so.1", O_RDONLY|O_CLOEXEC) = 3</usr/lib/x86_64-linux-gnu/libdatrie.so.1.4.0>
79320 openat(AT_FDCWD</home/ecochran76/workspace.local/fsearch>, "/lib/x86_64-linux-gnu/libfreetype.so.6", O_RDONLY|O_CLOEXEC) = 3</usr/lib/x86_64-linux-gnu/libfreetype.so.6.20.1>
79320 openat(AT_FDCWD</home/ecochran76/workspace.local/fsearch>, "/lib/x86_64-linux-gnu/libgraphite2.so.3", O_RDONLY|O_CLOEXEC) = 3</usr/lib/x86_64-linux-gnu/libgraphite2.so.3.2.1>
79320 openat(AT_FDCWD</home/ecochran76/workspace.local/fsearch>, "/lib/x86_64-linux-gnu/libbz2.so.1.0", O_RDONLY|O_CLOEXEC) = 3</usr/lib/x86_64-linux-gnu/libbz2.so.1.0.4>
79320 openat(AT_FDCWD</home/ecochran76/workspace.local/fsearch>, "/lib/x86_64-linux-gnu/libpng16.so.16", O_RDONLY|O_CLOEXEC) = 3</usr/lib/x86_64-linux-gnu/libpng16.so.16.43.0>
79320 openat(AT_FDCWD</home/ecochran76/workspace.local/fsearch>, "/lib/x86_64-linux-gnu/libbrotlidec.so.1", O_RDONLY|O_CLOEXEC) = 3</usr/lib/x86_64-linux-gnu/libbrotlidec.so.1.1.0>
79320 openat(AT_FDCWD</home/ecochran76/workspace.local/fsearch>, "/lib/x86_64-linux-gnu/libbrotlicommon.so.1", O_RDONLY|O_CLOEXEC) = 3</usr/lib/x86_64-linux-gnu/libbrotlicommon.so.1.1.0>
79320 statfs("/sys/fs/selinux", {f_type=SYSFS_MAGIC, f_bsize=4096, f_blocks=0, f_bfree=0, f_bavail=0, f_files=0, f_ffree=0, f_fsid={val=[0xdff19c14, 0x4f8e434f]}, f_namelen=255, f_frsize=4096, f_flags=ST_VALID|ST_NOSUID|ST_NODEV|ST_NOEXEC|ST_NOATIME}) = 0
79320 statfs("/selinux", 0x7ffe5cf6afa0) = -1 ENOENT (No such file or directory)
79320 openat(AT_FDCWD</home/ecochran76/workspace.local/fsearch>, "/proc/filesystems", O_RDONLY|O_CLOEXEC) = 3</proc/filesystems>
79320 openat(AT_FDCWD</home/ecochran76/workspace.local/fsearch>, "/proc/mounts", O_RDONLY|O_CLOEXEC) = 3</proc/79320/mounts>
79320 access("/etc/selinux/config", F_OK) = -1 ENOENT (No such file or directory)
79320 openat(AT_FDCWD</home/ecochran76/workspace.local/fsearch>, "/tmp/fsearch-replace-trace-vm797boj/snapshot.db", O_RDONLY|O_NONBLOCK|O_NOFOLLOW|O_CLOEXEC) = 3</tmp/fsearch-replace-trace-vm797boj/snapshot.db>
79293 openat(AT_FDCWD</home/ecochran76/workspace.local/fsearch>, "/proc/79293/stat", O_RDONLY|O_CLOEXEC) = 9</proc/79293/stat>
79293 openat(AT_FDCWD</home/ecochran76/workspace.local/fsearch>, "/proc/sys/kernel/random/boot_id", O_RDONLY|O_CLOEXEC) = 9</proc/sys/kernel/random/boot_id>
79293 openat(3</tmp/fsearch-replace-trace-vm797boj>, "search.sock.state.be3387c4106f492fb231bf4257231be5", O_WRONLY|O_CREAT|O_EXCL|O_NONBLOCK|O_NOFOLLOW|O_CLOEXEC, 0600) = 9</tmp/fsearch-replace-trace-vm797boj/search.sock.state.be3387c4106f492fb231bf4257231be5>
79293 renameat(3</tmp/fsearch-replace-trace-vm797boj>, "search.sock.state.be3387c4106f492fb231bf4257231be5", 3</tmp/fsearch-replace-trace-vm797boj>, "search.sock.state") = 0
79293 unlinkat(3</tmp/fsearch-replace-trace-vm797boj>, "search.sock.state.be3387c4106f492fb231bf4257231be5", 0) = -1 ENOENT (No such file or directory)
79293 lstat("/tmp", {st_mode=S_IFDIR|S_ISVTX|0777, st_size=1257472, ...}) = 0
79293 lstat("/tmp/fsearch-warm-release-build", {st_mode=S_IFDIR|0700, st_size=4096, ...}) = 0
79293 lstat("/tmp/fsearch-warm-release-build/src", {st_mode=S_IFDIR|0700, st_size=4096, ...}) = 0
79293 lstat("/tmp/fsearch-warm-release-build/src/fsearch-service", {st_mode=S_IFREG|0700, st_size=32186, ...}) = 0
79293 stat("/tmp/fsearch-warm-release-build/src/fsearch-service", {st_mode=S_IFREG|0700, st_size=32186, ...}) = 0
79293 openat(AT_FDCWD</home/ecochran76/workspace.local/fsearch>, "/dev/null", O_RDWR|O_CLOEXEC) = 15</dev/null<char 1:3>>
79332 openat(AT_FDCWD</home/ecochran76/workspace.local/fsearch>, "/proc/self/fd", O_RDONLY|O_CLOEXEC) = 12</proc/79332/fd>
79332 getdents64(12</proc/79332/fd>, 0x7fff495633b0 /* 11 entries */, 280) = 264
79332 getdents64(12</proc/79332/fd>, 0x7fff495633b0 /* 7 entries */, 280) = 168
79332 getdents64(12</proc/79332/fd>, 0x7fff495633b0 /* 0 entries */, 280) = 0
79332 execve("/tmp/fsearch-warm-release-build/src/fsearch-worker", ["/tmp/fsearch-warm-release-build/src/fsearch-worker", "/tmp/fsearch-replace-trace-vm797boj/candidate.db", "79293"], 0x7fff49564538 /* 259 vars */) = 0
79293 openat(AT_FDCWD</home/ecochran76/workspace.local/fsearch>, "/proc/79332/stat", O_RDONLY|O_CLOEXEC) = 9</proc/79332/stat>
79332 access("/etc/ld.so.preload", R_OK) = -1 ENOENT (No such file or directory)
79332 openat(AT_FDCWD</home/ecochran76/workspace.local/fsearch>, "/etc/ld.so.cache", O_RDONLY|O_CLOEXEC) = 3</etc/ld.so.cache>
79332 openat(AT_FDCWD</home/ecochran76/workspace.local/fsearch>, "/lib/x86_64-linux-gnu/libm.so.6", O_RDONLY|O_CLOEXEC) = 3</usr/lib/x86_64-linux-gnu/libm.so.6>
79293 openat(AT_FDCWD</home/ecochran76/workspace.local/fsearch>, "/proc/sys/kernel/random/boot_id", O_RDONLY|O_CLOEXEC <unfinished ...>
79332 openat(AT_FDCWD</home/ecochran76/workspace.local/fsearch>, "/lib/x86_64-linux-gnu/libgio-2.0.so.0", O_RDONLY|O_CLOEXEC) = 3</usr/lib/x86_64-linux-gnu/libgio-2.0.so.0.8000.0>
79293 <... openat resumed>)             = 9</proc/sys/kernel/random/boot_id>
79332 openat(AT_FDCWD</home/ecochran76/workspace.local/fsearch>, "/lib/x86_64-linux-gnu/libgobject-2.0.so.0", O_RDONLY|O_CLOEXEC) = 3</usr/lib/x86_64-linux-gnu/libgobject-2.0.so.0.8000.0>
79293 openat(AT_FDCWD</home/ecochran76/workspace.local/fsearch>, "/proc/79293/stat", O_RDONLY|O_CLOEXEC) = 9</proc/79293/stat>
79332 openat(AT_FDCWD</home/ecochran76/workspace.local/fsearch>, "/lib/x86_64-linux-gnu/libglib-2.0.so.0", O_RDONLY|O_CLOEXEC) = 3</usr/lib/x86_64-linux-gnu/libglib-2.0.so.0.8000.0>
79293 openat(AT_FDCWD</home/ecochran76/workspace.local/fsearch>, "/proc/sys/kernel/random/boot_id", O_RDONLY|O_CLOEXEC) = 9</proc/sys/kernel/random/boot_id>
79332 openat(AT_FDCWD</home/ecochran76/workspace.local/fsearch>, "/lib/x86_64-linux-gnu/libpango-1.0.so.0", O_RDONLY|O_CLOEXEC) = 3</usr/lib/x86_64-linux-gnu/libpango-1.0.so.0.5200.1>
79293 openat(3</tmp/fsearch-replace-trace-vm797boj>, "search.sock.state.fa93f1e6a6c24964bb3eafc5e5f2e8d6", O_WRONLY|O_CREAT|O_EXCL|O_NONBLOCK|O_NOFOLLOW|O_CLOEXEC, 0600) = 9</tmp/fsearch-replace-trace-vm797boj/search.sock.state.fa93f1e6a6c24964bb3eafc5e5f2e8d6>
79332 openat(AT_FDCWD</home/ecochran76/workspace.local/fsearch>, "/lib/x86_64-linux-gnu/libpcre2-8.so.0", O_RDONLY|O_CLOEXEC) = 3</usr/lib/x86_64-linux-gnu/libpcre2-8.so.0.11.2>
79332 openat(AT_FDCWD</home/ecochran76/workspace.local/fsearch>, "/lib/x86_64-linux-gnu/libicuuc.so.74", O_RDONLY|O_CLOEXEC) = 3</usr/lib/x86_64-linux-gnu/libicuuc.so.74.2>
79332 openat(AT_FDCWD</home/ecochran76/workspace.local/fsearch>, "/lib/x86_64-linux-gnu/libc.so.6", O_RDONLY|O_CLOEXEC) = 3</usr/lib/x86_64-linux-gnu/libc.so.6>
79293 renameat(3</tmp/fsearch-replace-trace-vm797boj>, "search.sock.state.fa93f1e6a6c24964bb3eafc5e5f2e8d6", 3</tmp/fsearch-replace-trace-vm797boj>, "search.sock.state") = 0
79332 openat(AT_FDCWD</home/ecochran76/workspace.local/fsearch>, "/lib/x86_64-linux-gnu/libgmodule-2.0.so.0", O_RDONLY|O_CLOEXEC) = 3</usr/lib/x86_64-linux-gnu/libgmodule-2.0.so.0.8000.0>
79332 openat(AT_FDCWD</home/ecochran76/workspace.local/fsearch>, "/lib/x86_64-linux-gnu/libz.so.1", O_RDONLY|O_CLOEXEC) = 3</usr/lib/x86_64-linux-gnu/libz.so.1.3>
79332 openat(AT_FDCWD</home/ecochran76/workspace.local/fsearch>, "/lib/x86_64-linux-gnu/libmount.so.1", O_RDONLY|O_CLOEXEC <unfinished ...>
79293 unlinkat(3</tmp/fsearch-replace-trace-vm797boj>, "search.sock.state.fa93f1e6a6c24964bb3eafc5e5f2e8d6", 0 <unfinished ...>
79332 <... openat resumed>)             = 3</usr/lib/x86_64-linux-gnu/libmount.so.1.1.0>
79293 <... unlinkat resumed>)           = -1 ENOENT (No such file or directory)
79332 openat(AT_FDCWD</home/ecochran76/workspace.local/fsearch>, "/lib/x86_64-linux-gnu/libselinux.so.1", O_RDONLY|O_CLOEXEC) = 3</usr/lib/x86_64-linux-gnu/libselinux.so.1>
79332 openat(AT_FDCWD</home/ecochran76/workspace.local/fsearch>, "/lib/x86_64-linux-gnu/libffi.so.8", O_RDONLY|O_CLOEXEC) = 3</usr/lib/x86_64-linux-gnu/libffi.so.8.1.4>
79332 openat(AT_FDCWD</home/ecochran76/workspace.local/fsearch>, "/lib/x86_64-linux-gnu/libfribidi.so.0", O_RDONLY|O_CLOEXEC) = 3</usr/lib/x86_64-linux-gnu/libfribidi.so.0.4.0>
79332 openat(AT_FDCWD</home/ecochran76/workspace.local/fsearch>, "/lib/x86_64-linux-gnu/libthai.so.0", O_RDONLY|O_CLOEXEC) = 3</usr/lib/x86_64-linux-gnu/libthai.so.0.3.1>
79332 openat(AT_FDCWD</home/ecochran76/workspace.local/fsearch>, "/lib/x86_64-linux-gnu/libharfbuzz.so.0", O_RDONLY|O_CLOEXEC) = 3</usr/lib/x86_64-linux-gnu/libharfbuzz.so.0.60830.0>
79332 openat(AT_FDCWD</home/ecochran76/workspace.local/fsearch>, "/lib/x86_64-linux-gnu/libicudata.so.74", O_RDONLY|O_CLOEXEC) = 3</usr/lib/x86_64-linux-gnu/libicudata.so.74.2>
79332 openat(AT_FDCWD</home/ecochran76/workspace.local/fsearch>, "/lib/x86_64-linux-gnu/libstdc++.so.6", O_RDONLY|O_CLOEXEC) = 3</usr/lib/x86_64-linux-gnu/libstdc++.so.6.0.33>
79332 openat(AT_FDCWD</home/ecochran76/workspace.local/fsearch>, "/lib/x86_64-linux-gnu/libgcc_s.so.1", O_RDONLY|O_CLOEXEC) = 3</usr/lib/x86_64-linux-gnu/libgcc_s.so.1>
79332 openat(AT_FDCWD</home/ecochran76/workspace.local/fsearch>, "/lib/x86_64-linux-gnu/libblkid.so.1", O_RDONLY|O_CLOEXEC) = 3</usr/lib/x86_64-linux-gnu/libblkid.so.1.1.0>
79332 openat(AT_FDCWD</home/ecochran76/workspace.local/fsearch>, "/lib/x86_64-linux-gnu/libdatrie.so.1", O_RDONLY|O_CLOEXEC) = 3</usr/lib/x86_64-linux-gnu/libdatrie.so.1.4.0>
79332 openat(AT_FDCWD</home/ecochran76/workspace.local/fsearch>, "/lib/x86_64-linux-gnu/libfreetype.so.6", O_RDONLY|O_CLOEXEC) = 3</usr/lib/x86_64-linux-gnu/libfreetype.so.6.20.1>
79332 openat(AT_FDCWD</home/ecochran76/workspace.local/fsearch>, "/lib/x86_64-linux-gnu/libgraphite2.so.3", O_RDONLY|O_CLOEXEC) = 3</usr/lib/x86_64-linux-gnu/libgraphite2.so.3.2.1>
79332 openat(AT_FDCWD</home/ecochran76/workspace.local/fsearch>, "/lib/x86_64-linux-gnu/libbz2.so.1.0", O_RDONLY|O_CLOEXEC) = 3</usr/lib/x86_64-linux-gnu/libbz2.so.1.0.4>
79332 openat(AT_FDCWD</home/ecochran76/workspace.local/fsearch>, "/lib/x86_64-linux-gnu/libpng16.so.16", O_RDONLY|O_CLOEXEC) = 3</usr/lib/x86_64-linux-gnu/libpng16.so.16.43.0>
79332 openat(AT_FDCWD</home/ecochran76/workspace.local/fsearch>, "/lib/x86_64-linux-gnu/libbrotlidec.so.1", O_RDONLY|O_CLOEXEC) = 3</usr/lib/x86_64-linux-gnu/libbrotlidec.so.1.1.0>
79332 openat(AT_FDCWD</home/ecochran76/workspace.local/fsearch>, "/lib/x86_64-linux-gnu/libbrotlicommon.so.1", O_RDONLY|O_CLOEXEC) = 3</usr/lib/x86_64-linux-gnu/libbrotlicommon.so.1.1.0>
79332 statfs("/sys/fs/selinux", {f_type=SYSFS_MAGIC, f_bsize=4096, f_blocks=0, f_bfree=0, f_bavail=0, f_files=0, f_ffree=0, f_fsid={val=[0xdff19c14, 0x4f8e434f]}, f_namelen=255, f_frsize=4096, f_flags=ST_VALID|ST_NOSUID|ST_NODEV|ST_NOEXEC|ST_NOATIME}) = 0
79332 statfs("/selinux", 0x7ffc9b483360) = -1 ENOENT (No such file or directory)
79332 openat(AT_FDCWD</home/ecochran76/workspace.local/fsearch>, "/proc/filesystems", O_RDONLY|O_CLOEXEC) = 3</proc/filesystems>
79332 openat(AT_FDCWD</home/ecochran76/workspace.local/fsearch>, "/proc/mounts", O_RDONLY|O_CLOEXEC) = 3</proc/79332/mounts>
79332 access("/etc/selinux/config", F_OK) = -1 ENOENT (No such file or directory)
79332 openat(AT_FDCWD</home/ecochran76/workspace.local/fsearch>, "/tmp/fsearch-replace-trace-vm797boj/candidate.db", O_RDONLY|O_NONBLOCK|O_NOFOLLOW|O_CLOEXEC) = 3</tmp/fsearch-replace-trace-vm797boj/candidate.db>
79293 openat(AT_FDCWD</home/ecochran76/workspace.local/fsearch>, "/proc/79293/stat", O_RDONLY|O_CLOEXEC) = 9</proc/79293/stat>
79293 openat(AT_FDCWD</home/ecochran76/workspace.local/fsearch>, "/proc/sys/kernel/random/boot_id", O_RDONLY|O_CLOEXEC) = 9</proc/sys/kernel/random/boot_id>
79293 openat(3</tmp/fsearch-replace-trace-vm797boj>, "search.sock.state.b6603c2dc20a439fb39aafd8e68df218", O_WRONLY|O_CREAT|O_EXCL|O_NONBLOCK|O_NOFOLLOW|O_CLOEXEC, 0600) = 9</tmp/fsearch-replace-trace-vm797boj/search.sock.state.b6603c2dc20a439fb39aafd8e68df218>
79293 renameat(3</tmp/fsearch-replace-trace-vm797boj>, "search.sock.state.b6603c2dc20a439fb39aafd8e68df218", 3</tmp/fsearch-replace-trace-vm797boj>, "search.sock.state") = 0
79293 unlinkat(3</tmp/fsearch-replace-trace-vm797boj>, "search.sock.state.b6603c2dc20a439fb39aafd8e68df218", 0) = -1 ENOENT (No such file or directory)
79320 +++ killed by SIGKILL +++
79293 --- SIGCHLD {si_signo=SIGCHLD, si_code=CLD_KILLED, si_pid=79320, si_uid=1000, si_status=SIGKILL, si_utime=0, si_stime=0} ---
79293 openat(AT_FDCWD</home/ecochran76/workspace.local/fsearch>, "/proc/79293/stat", O_RDONLY|O_CLOEXEC) = 9</proc/79293/stat>
79293 openat(AT_FDCWD</home/ecochran76/workspace.local/fsearch>, "/proc/sys/kernel/random/boot_id", O_RDONLY|O_CLOEXEC) = 9</proc/sys/kernel/random/boot_id>
79293 openat(3</tmp/fsearch-replace-trace-vm797boj>, "search.sock.state.3076e7f910fb4036bcb1b0b866aab5eb", O_WRONLY|O_CREAT|O_EXCL|O_NONBLOCK|O_NOFOLLOW|O_CLOEXEC, 0600) = 9</tmp/fsearch-replace-trace-vm797boj/search.sock.state.3076e7f910fb4036bcb1b0b866aab5eb>
79293 renameat(3</tmp/fsearch-replace-trace-vm797boj>, "search.sock.state.3076e7f910fb4036bcb1b0b866aab5eb", 3</tmp/fsearch-replace-trace-vm797boj>, "search.sock.state") = 0
79293 unlinkat(3</tmp/fsearch-replace-trace-vm797boj>, "search.sock.state.3076e7f910fb4036bcb1b0b866aab5eb", 0) = -1 ENOENT (No such file or directory)
79332 +++ killed by SIGKILL +++
79293 --- SIGCHLD {si_signo=SIGCHLD, si_code=CLD_KILLED, si_pid=79332, si_uid=1000, si_status=SIGKILL, si_utime=0, si_stime=1 /* 0.01 s */} ---
79293 openat(AT_FDCWD</home/ecochran76/workspace.local/fsearch>, "/proc/79293/stat", O_RDONLY|O_CLOEXEC) = 8</proc/79293/stat>
79293 openat(AT_FDCWD</home/ecochran76/workspace.local/fsearch>, "/proc/sys/kernel/random/boot_id", O_RDONLY|O_CLOEXEC) = 8</proc/sys/kernel/random/boot_id>
79293 openat(3</tmp/fsearch-replace-trace-vm797boj>, "search.sock.state.bbbbae41b64d4d968f5091ba42dc0a04", O_WRONLY|O_CREAT|O_EXCL|O_NONBLOCK|O_NOFOLLOW|O_CLOEXEC, 0600) = 8</tmp/fsearch-replace-trace-vm797boj/search.sock.state.bbbbae41b64d4d968f5091ba42dc0a04>
79293 renameat(3</tmp/fsearch-replace-trace-vm797boj>, "search.sock.state.bbbbae41b64d4d968f5091ba42dc0a04", 3</tmp/fsearch-replace-trace-vm797boj>, "search.sock.state") = 0
79293 unlinkat(3</tmp/fsearch-replace-trace-vm797boj>, "search.sock.state.bbbbae41b64d4d968f5091ba42dc0a04", 0) = -1 ENOENT (No such file or directory)
79293 newfstatat(3</tmp/fsearch-replace-trace-vm797boj>, "search.sock", {st_mode=S_IFSOCK|0700, st_size=0, ...}, AT_SYMLINK_NOFOLLOW) = 0
79293 unlinkat(3</tmp/fsearch-replace-trace-vm797boj>, "search.sock", 0) = 0
79293 +++ exited with 0 +++
