44045 execve("/home/ecochran76/.local/bin/python3", ["python3", "/home/ecochran76/.local/share/fs"..., "serve", "--socket", "/tmp/fsearch-monitor-query-owned"..., "--database", "/tmp/fsearch-monitor-query-owned"...], 0x7fff560f0410 /* 258 vars */) = 0
44045 access("/etc/ld.so.preload", R_OK) = -1 ENOENT (No such file or directory)
44045 openat(AT_FDCWD</home/ecochran76/workspace.local/fsearch>, "/etc/ld.so.cache", O_RDONLY|O_CLOEXEC) = 3</etc/ld.so.cache>
44045 openat(AT_FDCWD</home/ecochran76/workspace.local/fsearch>, "/lib/x86_64-linux-gnu/libc.so.6", O_RDONLY|O_CLOEXEC) = 3</usr/lib/x86_64-linux-gnu/libc.so.6>
44045 openat(AT_FDCWD</home/ecochran76/workspace.local/fsearch>, "/usr/lib/locale/locale-archive", O_RDONLY|O_CLOEXEC) = -1 ENOENT (No such file or directory)
44045 openat(AT_FDCWD</home/ecochran76/workspace.local/fsearch>, "/usr/share/locale/locale.alias", O_RDONLY|O_CLOEXEC) = 3</etc/locale.alias>
44045 openat(AT_FDCWD</home/ecochran76/workspace.local/fsearch>, "/usr/lib/locale/C.UTF-8/LC_IDENTIFICATION", O_RDONLY|O_CLOEXEC) = -1 ENOENT (No such file or directory)
44045 openat(AT_FDCWD</home/ecochran76/workspace.local/fsearch>, "/usr/lib/locale/C.utf8/LC_IDENTIFICATION", O_RDONLY|O_CLOEXEC) = 3</usr/lib/locale/C.utf8/LC_IDENTIFICATION>
44045 openat(AT_FDCWD</home/ecochran76/workspace.local/fsearch>, "/usr/lib/x86_64-linux-gnu/gconv/gconv-modules.cache", O_RDONLY|O_CLOEXEC) = 3</usr/lib/x86_64-linux-gnu/gconv/gconv-modules.cache>
44045 openat(AT_FDCWD</home/ecochran76/workspace.local/fsearch>, "/usr/lib/locale/C.UTF-8/LC_MEASUREMENT", O_RDONLY|O_CLOEXEC) = -1 ENOENT (No such file or directory)
44045 openat(AT_FDCWD</home/ecochran76/workspace.local/fsearch>, "/usr/lib/locale/C.utf8/LC_MEASUREMENT", O_RDONLY|O_CLOEXEC) = 3</usr/lib/locale/C.utf8/LC_MEASUREMENT>
44045 openat(AT_FDCWD</home/ecochran76/workspace.local/fsearch>, "/usr/lib/locale/C.UTF-8/LC_TELEPHONE", O_RDONLY|O_CLOEXEC) = -1 ENOENT (No such file or directory)
44045 openat(AT_FDCWD</home/ecochran76/workspace.local/fsearch>, "/usr/lib/locale/C.utf8/LC_TELEPHONE", O_RDONLY|O_CLOEXEC) = 3</usr/lib/locale/C.utf8/LC_TELEPHONE>
44045 openat(AT_FDCWD</home/ecochran76/workspace.local/fsearch>, "/usr/lib/locale/C.UTF-8/LC_ADDRESS", O_RDONLY|O_CLOEXEC) = -1 ENOENT (No such file or directory)
44045 openat(AT_FDCWD</home/ecochran76/workspace.local/fsearch>, "/usr/lib/locale/C.utf8/LC_ADDRESS", O_RDONLY|O_CLOEXEC) = 3</usr/lib/locale/C.utf8/LC_ADDRESS>
44045 openat(AT_FDCWD</home/ecochran76/workspace.local/fsearch>, "/usr/lib/locale/C.UTF-8/LC_NAME", O_RDONLY|O_CLOEXEC) = -1 ENOENT (No such file or directory)
44045 openat(AT_FDCWD</home/ecochran76/workspace.local/fsearch>, "/usr/lib/locale/C.utf8/LC_NAME", O_RDONLY|O_CLOEXEC) = 3</usr/lib/locale/C.utf8/LC_NAME>
44045 openat(AT_FDCWD</home/ecochran76/workspace.local/fsearch>, "/usr/lib/locale/C.UTF-8/LC_PAPER", O_RDONLY|O_CLOEXEC) = -1 ENOENT (No such file or directory)
44045 openat(AT_FDCWD</home/ecochran76/workspace.local/fsearch>, "/usr/lib/locale/C.utf8/LC_PAPER", O_RDONLY|O_CLOEXEC) = 3</usr/lib/locale/C.utf8/LC_PAPER>
44045 openat(AT_FDCWD</home/ecochran76/workspace.local/fsearch>, "/usr/lib/locale/C.UTF-8/LC_MESSAGES", O_RDONLY|O_CLOEXEC) = -1 ENOENT (No such file or directory)
44045 openat(AT_FDCWD</home/ecochran76/workspace.local/fsearch>, "/usr/lib/locale/C.utf8/LC_MESSAGES", O_RDONLY|O_CLOEXEC) = 3</usr/lib/locale/C.utf8/LC_MESSAGES>
44045 openat(AT_FDCWD</home/ecochran76/workspace.local/fsearch>, "/usr/lib/locale/C.utf8/LC_MESSAGES/SYS_LC_MESSAGES", O_RDONLY|O_CLOEXEC) = 3</usr/lib/locale/C.utf8/LC_MESSAGES/SYS_LC_MESSAGES>
44045 openat(AT_FDCWD</home/ecochran76/workspace.local/fsearch>, "/usr/lib/locale/C.UTF-8/LC_MONETARY", O_RDONLY|O_CLOEXEC) = -1 ENOENT (No such file or directory)
44045 openat(AT_FDCWD</home/ecochran76/workspace.local/fsearch>, "/usr/lib/locale/C.utf8/LC_MONETARY", O_RDONLY|O_CLOEXEC) = 3</usr/lib/locale/C.utf8/LC_MONETARY>
44045 openat(AT_FDCWD</home/ecochran76/workspace.local/fsearch>, "/usr/lib/locale/C.UTF-8/LC_COLLATE", O_RDONLY|O_CLOEXEC) = -1 ENOENT (No such file or directory)
44045 openat(AT_FDCWD</home/ecochran76/workspace.local/fsearch>, "/usr/lib/locale/C.utf8/LC_COLLATE", O_RDONLY|O_CLOEXEC) = 3</usr/lib/locale/C.utf8/LC_COLLATE>
44045 openat(AT_FDCWD</home/ecochran76/workspace.local/fsearch>, "/usr/lib/locale/C.UTF-8/LC_TIME", O_RDONLY|O_CLOEXEC) = -1 ENOENT (No such file or directory)
44045 openat(AT_FDCWD</home/ecochran76/workspace.local/fsearch>, "/usr/lib/locale/C.utf8/LC_TIME", O_RDONLY|O_CLOEXEC) = 3</usr/lib/locale/C.utf8/LC_TIME>
44045 openat(AT_FDCWD</home/ecochran76/workspace.local/fsearch>, "/usr/lib/locale/C.UTF-8/LC_NUMERIC", O_RDONLY|O_CLOEXEC) = -1 ENOENT (No such file or directory)
44045 openat(AT_FDCWD</home/ecochran76/workspace.local/fsearch>, "/usr/lib/locale/C.utf8/LC_NUMERIC", O_RDONLY|O_CLOEXEC) = 3</usr/lib/locale/C.utf8/LC_NUMERIC>
44045 openat(AT_FDCWD</home/ecochran76/workspace.local/fsearch>, "/usr/lib/locale/C.UTF-8/LC_CTYPE", O_RDONLY|O_CLOEXEC) = -1 ENOENT (No such file or directory)
44045 openat(AT_FDCWD</home/ecochran76/workspace.local/fsearch>, "/usr/lib/locale/C.utf8/LC_CTYPE", O_RDONLY|O_CLOEXEC) = 3</usr/lib/locale/C.utf8/LC_CTYPE>
44045 execve("/usr/lib/wsl/lib/bash", ["bash", "/home/ecochran76/.local/bin/pyth"..., "/home/ecochran76/.local/share/fs"..., "serve", "--socket", "/tmp/fsearch-monitor-query-owned"..., "--database", "/tmp/fsearch-monitor-query-owned"...], 0x7ffe5830e1b8 /* 258 vars */) = -1 ENOENT (No such file or directory)
44045 execve("/home/ecochran76/.local/bin/bash", ["bash", "/home/ecochran76/.local/bin/pyth"..., "/home/ecochran76/.local/share/fs"..., "serve", "--socket", "/tmp/fsearch-monitor-query-owned"..., "--database", "/tmp/fsearch-monitor-query-owned"...], 0x7ffe5830e1b8 /* 258 vars */) = -1 ENOENT (No such file or directory)
44045 execve("/home/ecochran76/.codex/packages/standalone/releases/0.160.0-x86_64-unknown-linux-musl/codex-path/bash", ["bash", "/home/ecochran76/.local/bin/pyth"..., "/home/ecochran76/.local/share/fs"..., "serve", "--socket", "/tmp/fsearch-monitor-query-owned"..., "--database", "/tmp/fsearch-monitor-query-owned"...], 0x7ffe5830e1b8 /* 258 vars */) = -1 ENOENT (No such file or directory)
44045 execve("/home/ecochran76/.codex/tmp/arg0/codex-arg0nUyJmW/bash", ["bash", "/home/ecochran76/.local/bin/pyth"..., "/home/ecochran76/.local/share/fs"..., "serve", "--socket", "/tmp/fsearch-monitor-query-owned"..., "--database", "/tmp/fsearch-monitor-query-owned"...], 0x7ffe5830e1b8 /* 258 vars */) = -1 ENOENT (No such file or directory)
44045 execve("/home/ecochran76/.codex/tmp/arg0/codex-arg0XlCntE/bash", ["bash", "/home/ecochran76/.local/bin/pyth"..., "/home/ecochran76/.local/share/fs"..., "serve", "--socket", "/tmp/fsearch-monitor-query-owned"..., "--database", "/tmp/fsearch-monitor-query-owned"...], 0x7ffe5830e1b8 /* 258 vars */) = -1 ENOENT (No such file or directory)
44045 execve("/home/ecochran76/.grok/bin/bash", ["bash", "/home/ecochran76/.local/bin/pyth"..., "/home/ecochran76/.local/share/fs"..., "serve", "--socket", "/tmp/fsearch-monitor-query-owned"..., "--database", "/tmp/fsearch-monitor-query-owned"...], 0x7ffe5830e1b8 /* 258 vars */) = -1 ENOENT (No such file or directory)
44045 execve("/home/ecochran76/.cargo/bin/bash", ["bash", "/home/ecochran76/.local/bin/pyth"..., "/home/ecochran76/.local/share/fs"..., "serve", "--socket", "/tmp/fsearch-monitor-query-owned"..., "--database", "/tmp/fsearch-monitor-query-owned"...], 0x7ffe5830e1b8 /* 258 vars */) = -1 ENOENT (No such file or directory)
44045 execve("/home/ecochran76/.local/share/pnpm/bash", ["bash", "/home/ecochran76/.local/bin/pyth"..., "/home/ecochran76/.local/share/fs"..., "serve", "--socket", "/tmp/fsearch-monitor-query-owned"..., "--database", "/tmp/fsearch-monitor-query-owned"...], 0x7ffe5830e1b8 /* 258 vars */) = -1 ENOENT (No such file or directory)
44045 execve("/home/linuxbrew/.linuxbrew/sbin/bash", ["bash", "/home/ecochran76/.local/bin/pyth"..., "/home/ecochran76/.local/share/fs"..., "serve", "--socket", "/tmp/fsearch-monitor-query-owned"..., "--database", "/tmp/fsearch-monitor-query-owned"...], 0x7ffe5830e1b8 /* 258 vars */) = -1 ENOENT (No such file or directory)
44045 execve("/home/linuxbrew/.linuxbrew/bin/bash", ["bash", "/home/ecochran76/.local/bin/pyth"..., "/home/ecochran76/.local/share/fs"..., "serve", "--socket", "/tmp/fsearch-monitor-query-owned"..., "--database", "/tmp/fsearch-monitor-query-owned"...], 0x7ffe5830e1b8 /* 258 vars */) = -1 ENOENT (No such file or directory)
44045 execve("/home/ecochran76/go/bin/bash", ["bash", "/home/ecochran76/.local/bin/pyth"..., "/home/ecochran76/.local/share/fs"..., "serve", "--socket", "/tmp/fsearch-monitor-query-owned"..., "--database", "/tmp/fsearch-monitor-query-owned"...], 0x7ffe5830e1b8 /* 258 vars */) = -1 ENOENT (No such file or directory)
44045 execve("/usr/local/go/bin/bash", ["bash", "/home/ecochran76/.local/bin/pyth"..., "/home/ecochran76/.local/share/fs"..., "serve", "--socket", "/tmp/fsearch-monitor-query-owned"..., "--database", "/tmp/fsearch-monitor-query-owned"...], 0x7ffe5830e1b8 /* 258 vars */) = -1 ENOENT (No such file or directory)
44045 execve("/usr/local/sbin/bash", ["bash", "/home/ecochran76/.local/bin/pyth"..., "/home/ecochran76/.local/share/fs"..., "serve", "--socket", "/tmp/fsearch-monitor-query-owned"..., "--database", "/tmp/fsearch-monitor-query-owned"...], 0x7ffe5830e1b8 /* 258 vars */) = -1 ENOENT (No such file or directory)
44045 execve("/usr/local/bin/bash", ["bash", "/home/ecochran76/.local/bin/pyth"..., "/home/ecochran76/.local/share/fs"..., "serve", "--socket", "/tmp/fsearch-monitor-query-owned"..., "--database", "/tmp/fsearch-monitor-query-owned"...], 0x7ffe5830e1b8 /* 258 vars */) = -1 ENOENT (No such file or directory)
44045 execve("/usr/sbin/bash", ["bash", "/home/ecochran76/.local/bin/pyth"..., "/home/ecochran76/.local/share/fs"..., "serve", "--socket", "/tmp/fsearch-monitor-query-owned"..., "--database", "/tmp/fsearch-monitor-query-owned"...], 0x7ffe5830e1b8 /* 258 vars */) = -1 ENOENT (No such file or directory)
44045 execve("/usr/bin/bash", ["bash", "/home/ecochran76/.local/bin/pyth"..., "/home/ecochran76/.local/share/fs"..., "serve", "--socket", "/tmp/fsearch-monitor-query-owned"..., "--database", "/tmp/fsearch-monitor-query-owned"...], 0x7ffe5830e1b8 /* 258 vars */) = 0
44045 access("/etc/ld.so.preload", R_OK) = -1 ENOENT (No such file or directory)
44045 openat(AT_FDCWD</home/ecochran76/workspace.local/fsearch>, "/etc/ld.so.cache", O_RDONLY|O_CLOEXEC) = 3</etc/ld.so.cache>
44045 openat(AT_FDCWD</home/ecochran76/workspace.local/fsearch>, "/lib/x86_64-linux-gnu/libtinfo.so.6", O_RDONLY|O_CLOEXEC) = 3</usr/lib/x86_64-linux-gnu/libtinfo.so.6.4>
44045 openat(AT_FDCWD</home/ecochran76/workspace.local/fsearch>, "/lib/x86_64-linux-gnu/libc.so.6", O_RDONLY|O_CLOEXEC) = 3</usr/lib/x86_64-linux-gnu/libc.so.6>
44045 openat(AT_FDCWD</home/ecochran76/workspace.local/fsearch>, "/dev/tty", O_RDWR|O_NONBLOCK) = -1 ENXIO (No such device or address)
44045 openat(AT_FDCWD</home/ecochran76/workspace.local/fsearch>, "/usr/lib/locale/locale-archive", O_RDONLY|O_CLOEXEC) = -1 ENOENT (No such file or directory)
44045 openat(AT_FDCWD</home/ecochran76/workspace.local/fsearch>, "/usr/share/locale/locale.alias", O_RDONLY|O_CLOEXEC) = 3</etc/locale.alias>
44045 openat(AT_FDCWD</home/ecochran76/workspace.local/fsearch>, "/usr/lib/locale/C.UTF-8/LC_IDENTIFICATION", O_RDONLY|O_CLOEXEC) = -1 ENOENT (No such file or directory)
44045 openat(AT_FDCWD</home/ecochran76/workspace.local/fsearch>, "/usr/lib/locale/C.utf8/LC_IDENTIFICATION", O_RDONLY|O_CLOEXEC) = 3</usr/lib/locale/C.utf8/LC_IDENTIFICATION>
44045 openat(AT_FDCWD</home/ecochran76/workspace.local/fsearch>, "/usr/lib/x86_64-linux-gnu/gconv/gconv-modules.cache", O_RDONLY|O_CLOEXEC) = 3</usr/lib/x86_64-linux-gnu/gconv/gconv-modules.cache>
44045 openat(AT_FDCWD</home/ecochran76/workspace.local/fsearch>, "/usr/lib/locale/C.UTF-8/LC_MEASUREMENT", O_RDONLY|O_CLOEXEC) = -1 ENOENT (No such file or directory)
44045 openat(AT_FDCWD</home/ecochran76/workspace.local/fsearch>, "/usr/lib/locale/C.utf8/LC_MEASUREMENT", O_RDONLY|O_CLOEXEC) = 3</usr/lib/locale/C.utf8/LC_MEASUREMENT>
44045 openat(AT_FDCWD</home/ecochran76/workspace.local/fsearch>, "/usr/lib/locale/C.UTF-8/LC_TELEPHONE", O_RDONLY|O_CLOEXEC) = -1 ENOENT (No such file or directory)
44045 openat(AT_FDCWD</home/ecochran76/workspace.local/fsearch>, "/usr/lib/locale/C.utf8/LC_TELEPHONE", O_RDONLY|O_CLOEXEC) = 3</usr/lib/locale/C.utf8/LC_TELEPHONE>
44045 openat(AT_FDCWD</home/ecochran76/workspace.local/fsearch>, "/usr/lib/locale/C.UTF-8/LC_ADDRESS", O_RDONLY|O_CLOEXEC) = -1 ENOENT (No such file or directory)
44045 openat(AT_FDCWD</home/ecochran76/workspace.local/fsearch>, "/usr/lib/locale/C.utf8/LC_ADDRESS", O_RDONLY|O_CLOEXEC) = 3</usr/lib/locale/C.utf8/LC_ADDRESS>
44045 openat(AT_FDCWD</home/ecochran76/workspace.local/fsearch>, "/usr/lib/locale/C.UTF-8/LC_NAME", O_RDONLY|O_CLOEXEC) = -1 ENOENT (No such file or directory)
44045 openat(AT_FDCWD</home/ecochran76/workspace.local/fsearch>, "/usr/lib/locale/C.utf8/LC_NAME", O_RDONLY|O_CLOEXEC) = 3</usr/lib/locale/C.utf8/LC_NAME>
44045 openat(AT_FDCWD</home/ecochran76/workspace.local/fsearch>, "/usr/lib/locale/C.UTF-8/LC_PAPER", O_RDONLY|O_CLOEXEC) = -1 ENOENT (No such file or directory)
44045 openat(AT_FDCWD</home/ecochran76/workspace.local/fsearch>, "/usr/lib/locale/C.utf8/LC_PAPER", O_RDONLY|O_CLOEXEC) = 3</usr/lib/locale/C.utf8/LC_PAPER>
44045 openat(AT_FDCWD</home/ecochran76/workspace.local/fsearch>, "/usr/lib/locale/C.UTF-8/LC_MESSAGES", O_RDONLY|O_CLOEXEC) = -1 ENOENT (No such file or directory)
44045 openat(AT_FDCWD</home/ecochran76/workspace.local/fsearch>, "/usr/lib/locale/C.utf8/LC_MESSAGES", O_RDONLY|O_CLOEXEC) = 3</usr/lib/locale/C.utf8/LC_MESSAGES>
44045 openat(AT_FDCWD</home/ecochran76/workspace.local/fsearch>, "/usr/lib/locale/C.utf8/LC_MESSAGES/SYS_LC_MESSAGES", O_RDONLY|O_CLOEXEC) = 3</usr/lib/locale/C.utf8/LC_MESSAGES/SYS_LC_MESSAGES>
44045 openat(AT_FDCWD</home/ecochran76/workspace.local/fsearch>, "/usr/lib/locale/C.UTF-8/LC_MONETARY", O_RDONLY|O_CLOEXEC) = -1 ENOENT (No such file or directory)
44045 openat(AT_FDCWD</home/ecochran76/workspace.local/fsearch>, "/usr/lib/locale/C.utf8/LC_MONETARY", O_RDONLY|O_CLOEXEC) = 3</usr/lib/locale/C.utf8/LC_MONETARY>
44045 openat(AT_FDCWD</home/ecochran76/workspace.local/fsearch>, "/usr/lib/locale/C.UTF-8/LC_COLLATE", O_RDONLY|O_CLOEXEC) = -1 ENOENT (No such file or directory)
44045 openat(AT_FDCWD</home/ecochran76/workspace.local/fsearch>, "/usr/lib/locale/C.utf8/LC_COLLATE", O_RDONLY|O_CLOEXEC) = 3</usr/lib/locale/C.utf8/LC_COLLATE>
44045 openat(AT_FDCWD</home/ecochran76/workspace.local/fsearch>, "/usr/lib/locale/C.UTF-8/LC_TIME", O_RDONLY|O_CLOEXEC) = -1 ENOENT (No such file or directory)
44045 openat(AT_FDCWD</home/ecochran76/workspace.local/fsearch>, "/usr/lib/locale/C.utf8/LC_TIME", O_RDONLY|O_CLOEXEC) = 3</usr/lib/locale/C.utf8/LC_TIME>
44045 openat(AT_FDCWD</home/ecochran76/workspace.local/fsearch>, "/usr/lib/locale/C.UTF-8/LC_NUMERIC", O_RDONLY|O_CLOEXEC) = -1 ENOENT (No such file or directory)
44045 openat(AT_FDCWD</home/ecochran76/workspace.local/fsearch>, "/usr/lib/locale/C.utf8/LC_NUMERIC", O_RDONLY|O_CLOEXEC) = 3</usr/lib/locale/C.utf8/LC_NUMERIC>
44045 openat(AT_FDCWD</home/ecochran76/workspace.local/fsearch>, "/usr/lib/locale/C.UTF-8/LC_CTYPE", O_RDONLY|O_CLOEXEC) = -1 ENOENT (No such file or directory)
44045 openat(AT_FDCWD</home/ecochran76/workspace.local/fsearch>, "/usr/lib/locale/C.utf8/LC_CTYPE", O_RDONLY|O_CLOEXEC) = 3</usr/lib/locale/C.utf8/LC_CTYPE>
44045 newfstatat(AT_FDCWD</home/ecochran76/workspace.local/fsearch>, "/home/ecochran76/workspace.local/fsearch", {st_mode=S_IFDIR|0700, st_size=4096, ...}, 0) = 0
44045 newfstatat(AT_FDCWD</home/ecochran76/workspace.local/fsearch>, ".", {st_mode=S_IFDIR|0700, st_size=4096, ...}, 0) = 0
44045 newfstatat(AT_FDCWD</home/ecochran76/workspace.local/fsearch>, "/home", {st_mode=S_IFDIR|0755, st_size=4096, ...}, 0) = 0
44045 newfstatat(AT_FDCWD</home/ecochran76/workspace.local/fsearch>, "/home/ecochran76", {st_mode=S_IFDIR|0750, st_size=12288, ...}, 0) = 0
44045 newfstatat(AT_FDCWD</home/ecochran76/workspace.local/fsearch>, "/home/ecochran76/workspace.local", {st_mode=S_IFDIR|0755, st_size=28672, ...}, 0) = 0
44045 newfstatat(AT_FDCWD</home/ecochran76/workspace.local/fsearch>, "/home/ecochran76/workspace.local/fsearch", {st_mode=S_IFDIR|0700, st_size=4096, ...}, 0) = 0
44045 newfstatat(AT_FDCWD</home/ecochran76/workspace.local/fsearch>, "/home/ecochran76/workspace.local/fsearch", {st_mode=S_IFDIR|0700, st_size=4096, ...}, 0) = 0
44045 newfstatat(AT_FDCWD</home/ecochran76/workspace.local/fsearch>, ".", {st_mode=S_IFDIR|0700, st_size=4096, ...}, 0) = 0
44045 newfstatat(AT_FDCWD</home/ecochran76/workspace.local/fsearch>, "/usr/lib/wsl/lib/bash", 0x7ffc6b3b5a80, 0) = -1 ENOENT (No such file or directory)
44045 newfstatat(AT_FDCWD</home/ecochran76/workspace.local/fsearch>, "/home/ecochran76/.local/bin/bash", 0x7ffc6b3b5a80, 0) = -1 ENOENT (No such file or directory)
44045 newfstatat(AT_FDCWD</home/ecochran76/workspace.local/fsearch>, "/home/ecochran76/.codex/packages/standalone/releases/0.160.0-x86_64-unknown-linux-musl/codex-path/bash", 0x7ffc6b3b5a80, 0) = -1 ENOENT (No such file or directory)
44045 newfstatat(AT_FDCWD</home/ecochran76/workspace.local/fsearch>, "/home/ecochran76/.codex/tmp/arg0/codex-arg0nUyJmW/bash", 0x7ffc6b3b5a80, 0) = -1 ENOENT (No such file or directory)
44045 newfstatat(AT_FDCWD</home/ecochran76/workspace.local/fsearch>, "/home/ecochran76/.codex/tmp/arg0/codex-arg0XlCntE/bash", 0x7ffc6b3b5a80, 0) = -1 ENOENT (No such file or directory)
44045 newfstatat(AT_FDCWD</home/ecochran76/workspace.local/fsearch>, "/home/ecochran76/.grok/bin/bash", 0x7ffc6b3b5a80, 0) = -1 ENOENT (No such file or directory)
44045 newfstatat(AT_FDCWD</home/ecochran76/workspace.local/fsearch>, "/home/ecochran76/.cargo/bin/bash", 0x7ffc6b3b5a80, 0) = -1 ENOENT (No such file or directory)
44045 newfstatat(AT_FDCWD</home/ecochran76/workspace.local/fsearch>, "/home/ecochran76/.local/share/pnpm/bash", 0x7ffc6b3b5a80, 0) = -1 ENOENT (No such file or directory)
44045 newfstatat(AT_FDCWD</home/ecochran76/workspace.local/fsearch>, "/home/linuxbrew/.linuxbrew/sbin/bash", 0x7ffc6b3b5a80, 0) = -1 ENOENT (No such file or directory)
44045 newfstatat(AT_FDCWD</home/ecochran76/workspace.local/fsearch>, "/home/linuxbrew/.linuxbrew/bin/bash", 0x7ffc6b3b5a80, 0) = -1 ENOENT (No such file or directory)
44045 newfstatat(AT_FDCWD</home/ecochran76/workspace.local/fsearch>, "/home/ecochran76/go/bin/bash", 0x7ffc6b3b5a80, 0) = -1 ENOENT (No such file or directory)
44045 newfstatat(AT_FDCWD</home/ecochran76/workspace.local/fsearch>, "/usr/local/go/bin/bash", 0x7ffc6b3b5a80, 0) = -1 ENOENT (No such file or directory)
44045 newfstatat(AT_FDCWD</home/ecochran76/workspace.local/fsearch>, "/usr/local/sbin/bash", 0x7ffc6b3b5a80, 0) = -1 ENOENT (No such file or directory)
44045 newfstatat(AT_FDCWD</home/ecochran76/workspace.local/fsearch>, "/usr/local/bin/bash", 0x7ffc6b3b5a80, 0) = -1 ENOENT (No such file or directory)
44045 newfstatat(AT_FDCWD</home/ecochran76/workspace.local/fsearch>, "/usr/sbin/bash", 0x7ffc6b3b5a80, 0) = -1 ENOENT (No such file or directory)
44045 newfstatat(AT_FDCWD</home/ecochran76/workspace.local/fsearch>, "/usr/bin/bash", {st_mode=S_IFREG|0755, st_size=1446024, ...}, 0) = 0
44045 newfstatat(AT_FDCWD</home/ecochran76/workspace.local/fsearch>, "/usr/bin/bash", {st_mode=S_IFREG|0755, st_size=1446024, ...}, 0) = 0
44045 access("/usr/bin/bash", X_OK)     = 0
44045 newfstatat(AT_FDCWD</home/ecochran76/workspace.local/fsearch>, "/usr/bin/bash", {st_mode=S_IFREG|0755, st_size=1446024, ...}, 0) = 0
44045 access("/usr/bin/bash", R_OK)     = 0
44045 openat(AT_FDCWD</home/ecochran76/workspace.local/fsearch>, "/home/ecochran76/.local/bin/python3", O_RDONLY) = 3</mnt/c/Users/ecoch/workspace/ubuntu/common/home/.local/bin/python3>
44045 newfstatat(AT_FDCWD</home/ecochran76/workspace.local/fsearch>, "/home/ecochran76/.local/bin/python3", {st_mode=S_IFREG|0777, st_size=135, ...}, 0) = 0
44045 openat(AT_FDCWD</home/ecochran76/workspace.local/fsearch>, "/dev/null", O_WRONLY|O_CREAT|O_TRUNC, 0666) = 3</dev/null<char 1:3>>
44045 newfstatat(AT_FDCWD</home/ecochran76/workspace.local/fsearch>, ".", {st_mode=S_IFDIR|0700, st_size=4096, ...}, 0) = 0
44045 newfstatat(AT_FDCWD</home/ecochran76/workspace.local/fsearch>, "/usr/lib/wsl/lib/python3.12", 0x7ffc6b3b5780, 0) = -1 ENOENT (No such file or directory)
44045 newfstatat(AT_FDCWD</home/ecochran76/workspace.local/fsearch>, "/home/ecochran76/.local/bin/python3.12", {st_mode=S_IFREG|0775, st_size=27770824, ...}, 0) = 0
44045 newfstatat(AT_FDCWD</home/ecochran76/workspace.local/fsearch>, "/home/ecochran76/.local/bin/python3.12", {st_mode=S_IFREG|0775, st_size=27770824, ...}, 0) = 0
44045 access("/home/ecochran76/.local/bin/python3.12", X_OK) = 0
44045 newfstatat(AT_FDCWD</home/ecochran76/workspace.local/fsearch>, "/home/ecochran76/.local/bin/python3.12", {st_mode=S_IFREG|0775, st_size=27770824, ...}, 0) = 0
44045 access("/home/ecochran76/.local/bin/python3.12", R_OK) = 0
44045 newfstatat(AT_FDCWD</home/ecochran76/workspace.local/fsearch>, ".", {st_mode=S_IFDIR|0700, st_size=4096, ...}, 0) = 0
44045 newfstatat(AT_FDCWD</home/ecochran76/workspace.local/fsearch>, "/usr/lib/wsl/lib/python3.12", 0x7ffc6b3b56e0, 0) = -1 ENOENT (No such file or directory)
44045 newfstatat(AT_FDCWD</home/ecochran76/workspace.local/fsearch>, "/home/ecochran76/.local/bin/python3.12", {st_mode=S_IFREG|0775, st_size=27770824, ...}, 0) = 0
44045 newfstatat(AT_FDCWD</home/ecochran76/workspace.local/fsearch>, "/home/ecochran76/.local/bin/python3.12", {st_mode=S_IFREG|0775, st_size=27770824, ...}, 0) = 0
44045 access("/home/ecochran76/.local/bin/python3.12", X_OK) = 0
44045 newfstatat(AT_FDCWD</home/ecochran76/workspace.local/fsearch>, "/home/ecochran76/.local/bin/python3.12", {st_mode=S_IFREG|0775, st_size=27770824, ...}, 0) = 0
44045 access("/home/ecochran76/.local/bin/python3.12", R_OK) = 0
44045 execve("/home/ecochran76/.local/bin/python3.12", ["python3.12", "/home/ecochran76/.local/share/fs"..., "serve", "--socket", "/tmp/fsearch-monitor-query-owned"..., "--database", "/tmp/fsearch-monitor-query-owned"...], 0x5a9f0e87b720 /* 258 vars */) = 0
44045 readlinkat(AT_FDCWD</home/ecochran76/workspace.local/fsearch>, "/proc/self/exe", "/home/ecochran76/.local/share/uv"..., 4096) = 87
44045 access("/etc/ld.so.preload", R_OK) = -1 ENOENT (No such file or directory)
44045 openat(AT_FDCWD</home/ecochran76/workspace.local/fsearch>, "/home/ecochran76/.local/share/uv/python/cpython-3.12.13-linux-x86_64-gnu/bin/../lib/glibc-hwcaps/x86-64-v4/libpthread.so.0", O_RDONLY|O_CLOEXEC) = -1 ENOENT (No such file or directory)
44045 newfstatat(AT_FDCWD</home/ecochran76/workspace.local/fsearch>, "/home/ecochran76/.local/share/uv/python/cpython-3.12.13-linux-x86_64-gnu/bin/../lib/glibc-hwcaps/x86-64-v4/", 0x7ffe9dbc7560, 0) = -1 ENOENT (No such file or directory)
44045 openat(AT_FDCWD</home/ecochran76/workspace.local/fsearch>, "/home/ecochran76/.local/share/uv/python/cpython-3.12.13-linux-x86_64-gnu/bin/../lib/glibc-hwcaps/x86-64-v3/libpthread.so.0", O_RDONLY|O_CLOEXEC) = -1 ENOENT (No such file or directory)
44045 newfstatat(AT_FDCWD</home/ecochran76/workspace.local/fsearch>, "/home/ecochran76/.local/share/uv/python/cpython-3.12.13-linux-x86_64-gnu/bin/../lib/glibc-hwcaps/x86-64-v3/", 0x7ffe9dbc7560, 0) = -1 ENOENT (No such file or directory)
44045 openat(AT_FDCWD</home/ecochran76/workspace.local/fsearch>, "/home/ecochran76/.local/share/uv/python/cpython-3.12.13-linux-x86_64-gnu/bin/../lib/glibc-hwcaps/x86-64-v2/libpthread.so.0", O_RDONLY|O_CLOEXEC) = -1 ENOENT (No such file or directory)
44045 newfstatat(AT_FDCWD</home/ecochran76/workspace.local/fsearch>, "/home/ecochran76/.local/share/uv/python/cpython-3.12.13-linux-x86_64-gnu/bin/../lib/glibc-hwcaps/x86-64-v2/", 0x7ffe9dbc7560, 0) = -1 ENOENT (No such file or directory)
44045 openat(AT_FDCWD</home/ecochran76/workspace.local/fsearch>, "/home/ecochran76/.local/share/uv/python/cpython-3.12.13-linux-x86_64-gnu/bin/../lib/libpthread.so.0", O_RDONLY|O_CLOEXEC) = -1 ENOENT (No such file or directory)
44045 newfstatat(AT_FDCWD</home/ecochran76/workspace.local/fsearch>, "/home/ecochran76/.local/share/uv/python/cpython-3.12.13-linux-x86_64-gnu/bin/../lib/", {st_mode=S_IFDIR|0775, st_size=4096, ...}, 0) = 0
44045 openat(AT_FDCWD</home/ecochran76/workspace.local/fsearch>, "/etc/ld.so.cache", O_RDONLY|O_CLOEXEC) = 3</etc/ld.so.cache>
44045 openat(AT_FDCWD</home/ecochran76/workspace.local/fsearch>, "/lib/x86_64-linux-gnu/libpthread.so.0", O_RDONLY|O_CLOEXEC) = 3</usr/lib/x86_64-linux-gnu/libpthread.so.0>
44045 openat(AT_FDCWD</home/ecochran76/workspace.local/fsearch>, "/home/ecochran76/.local/share/uv/python/cpython-3.12.13-linux-x86_64-gnu/bin/../lib/libdl.so.2", O_RDONLY|O_CLOEXEC) = -1 ENOENT (No such file or directory)
44045 openat(AT_FDCWD</home/ecochran76/workspace.local/fsearch>, "/lib/x86_64-linux-gnu/libdl.so.2", O_RDONLY|O_CLOEXEC) = 3</usr/lib/x86_64-linux-gnu/libdl.so.2>
44045 openat(AT_FDCWD</home/ecochran76/workspace.local/fsearch>, "/home/ecochran76/.local/share/uv/python/cpython-3.12.13-linux-x86_64-gnu/bin/../lib/libutil.so.1", O_RDONLY|O_CLOEXEC) = -1 ENOENT (No such file or directory)
44045 openat(AT_FDCWD</home/ecochran76/workspace.local/fsearch>, "/lib/x86_64-linux-gnu/libutil.so.1", O_RDONLY|O_CLOEXEC) = 3</usr/lib/x86_64-linux-gnu/libutil.so.1>
44045 openat(AT_FDCWD</home/ecochran76/workspace.local/fsearch>, "/home/ecochran76/.local/share/uv/python/cpython-3.12.13-linux-x86_64-gnu/bin/../lib/librt.so.1", O_RDONLY|O_CLOEXEC) = -1 ENOENT (No such file or directory)
44045 openat(AT_FDCWD</home/ecochran76/workspace.local/fsearch>, "/lib/x86_64-linux-gnu/librt.so.1", O_RDONLY|O_CLOEXEC) = 3</usr/lib/x86_64-linux-gnu/librt.so.1>
44045 openat(AT_FDCWD</home/ecochran76/workspace.local/fsearch>, "/home/ecochran76/.local/share/uv/python/cpython-3.12.13-linux-x86_64-gnu/bin/../lib/libm.so.6", O_RDONLY|O_CLOEXEC) = -1 ENOENT (No such file or directory)
44045 openat(AT_FDCWD</home/ecochran76/workspace.local/fsearch>, "/lib/x86_64-linux-gnu/libm.so.6", O_RDONLY|O_CLOEXEC) = 3</usr/lib/x86_64-linux-gnu/libm.so.6>
44045 openat(AT_FDCWD</home/ecochran76/workspace.local/fsearch>, "/home/ecochran76/.local/share/uv/python/cpython-3.12.13-linux-x86_64-gnu/bin/../lib/libc.so.6", O_RDONLY|O_CLOEXEC) = -1 ENOENT (No such file or directory)
44045 openat(AT_FDCWD</home/ecochran76/workspace.local/fsearch>, "/lib/x86_64-linux-gnu/libc.so.6", O_RDONLY|O_CLOEXEC) = 3</usr/lib/x86_64-linux-gnu/libc.so.6>
44045 openat(AT_FDCWD</home/ecochran76/workspace.local/fsearch>, "/usr/lib/locale/locale-archive", O_RDONLY|O_CLOEXEC) = -1 ENOENT (No such file or directory)
44045 openat(AT_FDCWD</home/ecochran76/workspace.local/fsearch>, "/usr/share/locale/locale.alias", O_RDONLY|O_CLOEXEC) = 3</etc/locale.alias>
44045 openat(AT_FDCWD</home/ecochran76/workspace.local/fsearch>, "/usr/lib/locale/C.UTF-8/LC_CTYPE", O_RDONLY|O_CLOEXEC) = -1 ENOENT (No such file or directory)
44045 openat(AT_FDCWD</home/ecochran76/workspace.local/fsearch>, "/usr/lib/locale/C.utf8/LC_CTYPE", O_RDONLY|O_CLOEXEC) = 3</usr/lib/locale/C.utf8/LC_CTYPE>
44045 openat(AT_FDCWD</home/ecochran76/workspace.local/fsearch>, "/usr/lib/x86_64-linux-gnu/gconv/gconv-modules.cache", O_RDONLY|O_CLOEXEC) = 3</usr/lib/x86_64-linux-gnu/gconv/gconv-modules.cache>
44045 openat(AT_FDCWD</home/ecochran76/workspace.local/fsearch>, "/dev/urandom", O_RDONLY|O_CLOEXEC) = 3</dev/urandom<char 1:9>>
44045 openat(AT_FDCWD</home/ecochran76/workspace.local/fsearch>, "/proc/self/maps", O_RDONLY) = 3</proc/44045/maps>
44045 stat("/usr/lib/wsl/lib/python3.12", 0x7ffe9dbc68d0) = -1 ENOENT (No such file or directory)
44045 stat("/home/ecochran76/.local/bin/python3.12", {st_mode=S_IFREG|0775, st_size=27770824, ...}) = 0
44045 openat(AT_FDCWD</home/ecochran76/workspace.local/fsearch>, "/home/ecochran76/.local/pyvenv.cfg", O_RDONLY) = -1 ENOENT (No such file or directory)
44045 openat(AT_FDCWD</home/ecochran76/workspace.local/fsearch>, "/home/ecochran76/.local/bin/pyvenv.cfg", O_RDONLY) = -1 ENOENT (No such file or directory)
44045 readlink("/home/ecochran76/.local/bin/python3.12", "/home/ecochran76/.local/share/uv"..., 4096) = 87
44045 readlink("/home/ecochran76/.local/share/uv/python/cpython-3.12.13-linux-x86_64-gnu/bin/python3.12", 0x7ffe9dbc1900, 4096) = -1 EINVAL (Invalid argument)
44045 openat(AT_FDCWD</home/ecochran76/workspace.local/fsearch>, "/home/ecochran76/.local/share/uv/python/cpython-3.12.13-linux-x86_64-gnu/bin/python3.12\n._pth", O_RDONLY) = -1 ENOENT (No such file or directory)
44045 openat(AT_FDCWD</home/ecochran76/workspace.local/fsearch>, "/home/ecochran76/.local/bin/python3.12._pth", O_RDONLY) = -1 ENOENT (No such file or directory)
44045 openat(AT_FDCWD</home/ecochran76/workspace.local/fsearch>, "/home/ecochran76/.local/share/uv/python/cpython-3.12.13-linux-x86_64-gnu/bin/python3.12._pth", O_RDONLY) = -1 ENOENT (No such file or directory)
44045 openat(AT_FDCWD</home/ecochran76/workspace.local/fsearch>, "/home/ecochran76/.local/share/uv/python/cpython-3.12.13-linux-x86_64-gnu/bin/pybuilddir.txt", O_RDONLY) = -1 ENOENT (No such file or directory)
44045 stat("/home/ecochran76/.local/share/uv/python/cpython-3.12.13-linux-x86_64-gnu/bin/Modules/Setup.local", 0x7ffe9dbc68d8) = -1 ENOENT (No such file or directory)
44045 stat("/home/ecochran76/.local/share/uv/python/cpython-3.12.13-linux-x86_64-gnu/lib/python312.zip", 0x7ffe9dbc6608) = -1 ENOENT (No such file or directory)
44045 stat("/home/ecochran76/.local/share/uv/python/lib/python312.zip", 0x7ffe9dbc6638) = -1 ENOENT (No such file or directory)
44045 stat("/home/ecochran76/.local/share/uv/lib/python312.zip", 0x7ffe9dbc6638) = -1 ENOENT (No such file or directory)
44045 stat("/home/ecochran76/.local/share/lib/python312.zip", 0x7ffe9dbc6638) = -1 ENOENT (No such file or directory)
44045 stat("/home/ecochran76/.local/lib/python312.zip", 0x7ffe9dbc6638) = -1 ENOENT (No such file or directory)
44045 stat("/home/ecochran76/lib/python312.zip", 0x7ffe9dbc6638) = -1 ENOENT (No such file or directory)
44045 stat("/home/lib/python312.zip", 0x7ffe9dbc6638) = -1 ENOENT (No such file or directory)
44045 stat("/home/ecochran76/.local/share/uv/python/cpython-3.12.13-linux-x86_64-gnu/lib/python3.12/os.py", {st_mode=S_IFREG|0664, st_size=40821, ...}) = 0
44045 stat("/home/ecochran76/.local/share/uv/python/cpython-3.12.13-linux-x86_64-gnu/bin/lib/python3.12/lib-dynload", 0x7ffe9dbc6638) = -1 ENOENT (No such file or directory)
44045 stat("/home/ecochran76/.local/share/uv/python/cpython-3.12.13-linux-x86_64-gnu/lib/python3.12/lib-dynload", {st_mode=S_IFDIR|0775, st_size=4096, ...}) = 0
44045 stat("/home/ecochran76/.local/share/uv/python/cpython-3.12.13-linux-x86_64-gnu/lib/python3.12/lib-dynload", {st_mode=S_IFDIR|0775, st_size=4096, ...}) = 0
44045 openat(AT_FDCWD</home/ecochran76/workspace.local/fsearch>, "/etc/localtime", O_RDONLY|O_CLOEXEC) = 3</usr/share/zoneinfo/America/Chicago>
44045 stat("/home/ecochran76/.local/share/uv/python/cpython-3.12.13-linux-x86_64-gnu/lib/python312.zip", 0x7ffe9dbc7028) = -1 ENOENT (No such file or directory)
44045 stat("/home/ecochran76/.local/share/uv/python/cpython-3.12.13-linux-x86_64-gnu/lib", {st_mode=S_IFDIR|0775, st_size=4096, ...}) = 0
44045 stat("/home/ecochran76/.local/share/uv/python/cpython-3.12.13-linux-x86_64-gnu/lib/python312.zip", 0x7ffe9dbc7398) = -1 ENOENT (No such file or directory)
44045 stat("/home/ecochran76/.local/share/uv/python/cpython-3.12.13-linux-x86_64-gnu/lib/python3.12", {st_mode=S_IFDIR|0775, st_size=4096, ...}) = 0
44045 stat("/home/ecochran76/.local/share/uv/python/cpython-3.12.13-linux-x86_64-gnu/lib/python3.12", {st_mode=S_IFDIR|0775, st_size=4096, ...}) = 0
44045 stat("/home/ecochran76/.local/share/uv/python/cpython-3.12.13-linux-x86_64-gnu/lib/python3.12", {st_mode=S_IFDIR|0775, st_size=4096, ...}) = 0
44045 openat(AT_FDCWD</home/ecochran76/workspace.local/fsearch>, "/home/ecochran76/.local/share/uv/python/cpython-3.12.13-linux-x86_64-gnu/lib/python3.12", O_RDONLY|O_NONBLOCK|O_CLOEXEC|O_DIRECTORY) = 3</home/ecochran76/.local/share/uv/python/cpython-3.12.13-linux-x86_64-gnu/lib/python3.12>
44045 getdents64(3</home/ecochran76/.local/share/uv/python/cpython-3.12.13-linux-x86_64-gnu/lib/python3.12>, 0x34ab6b50 /* 204 entries */, 32768) = 6784
44045 getdents64(3</home/ecochran76/.local/share/uv/python/cpython-3.12.13-linux-x86_64-gnu/lib/python3.12>, 0x34ab6b50 /* 0 entries */, 32768) = 0
44045 stat("/home/ecochran76/.local/share/uv/python/cpython-3.12.13-linux-x86_64-gnu/lib/python3.12/encodings/__init__.cpython-312-x86_64-linux-gnu.so", 0x7ffe9dbc7398) = -1 ENOENT (No such file or directory)
44045 stat("/home/ecochran76/.local/share/uv/python/cpython-3.12.13-linux-x86_64-gnu/lib/python3.12/encodings/__init__.abi3.so", 0x7ffe9dbc7398) = -1 ENOENT (No such file or directory)
44045 stat("/home/ecochran76/.local/share/uv/python/cpython-3.12.13-linux-x86_64-gnu/lib/python3.12/encodings/__init__.so", 0x7ffe9dbc7398) = -1 ENOENT (No such file or directory)
44045 stat("/home/ecochran76/.local/share/uv/python/cpython-3.12.13-linux-x86_64-gnu/lib/python3.12/encodings/__init__.py", {st_mode=S_IFREG|0664, st_size=5884, ...}) = 0
44045 stat("/home/ecochran76/.local/share/uv/python/cpython-3.12.13-linux-x86_64-gnu/lib/python3.12/encodings/__init__.py", {st_mode=S_IFREG|0664, st_size=5884, ...}) = 0
44045 openat(AT_FDCWD</home/ecochran76/workspace.local/fsearch>, "/home/ecochran76/.local/share/uv/python/cpython-3.12.13-linux-x86_64-gnu/lib/python3.12/encodings/__pycache__/__init__.cpython-312.pyc", O_RDONLY|O_CLOEXEC) = 3</home/ecochran76/.local/share/uv/python/cpython-3.12.13-linux-x86_64-gnu/lib/python3.12/encodings/__pycache__/__init__.cpython-312.pyc>
44045 stat("/home/ecochran76/.local/share/uv/python/cpython-3.12.13-linux-x86_64-gnu/lib/python3.12/encodings", {st_mode=S_IFDIR|0775, st_size=4096, ...}) = 0
44045 stat("/home/ecochran76/.local/share/uv/python/cpython-3.12.13-linux-x86_64-gnu/lib/python3.12/encodings", {st_mode=S_IFDIR|0775, st_size=4096, ...}) = 0
44045 stat("/home/ecochran76/.local/share/uv/python/cpython-3.12.13-linux-x86_64-gnu/lib/python3.12/encodings", {st_mode=S_IFDIR|0775, st_size=4096, ...}) = 0
44045 openat(AT_FDCWD</home/ecochran76/workspace.local/fsearch>, "/home/ecochran76/.local/share/uv/python/cpython-3.12.13-linux-x86_64-gnu/lib/python3.12/encodings", O_RDONLY|O_NONBLOCK|O_CLOEXEC|O_DIRECTORY) = 3</home/ecochran76/.local/share/uv/python/cpython-3.12.13-linux-x86_64-gnu/lib/python3.12/encodings>
44045 getdents64(3</home/ecochran76/.local/share/uv/python/cpython-3.12.13-linux-x86_64-gnu/lib/python3.12/encodings>, 0x34ac0a00 /* 125 entries */, 32768) = 4224
44045 getdents64(3</home/ecochran76/.local/share/uv/python/cpython-3.12.13-linux-x86_64-gnu/lib/python3.12/encodings>, 0x34ac0a00 /* 0 entries */, 32768) = 0
44045 stat("/home/ecochran76/.local/share/uv/python/cpython-3.12.13-linux-x86_64-gnu/lib/python3.12/encodings/aliases.py", {st_mode=S_IFREG|0664, st_size=15677, ...}) = 0
44045 stat("/home/ecochran76/.local/share/uv/python/cpython-3.12.13-linux-x86_64-gnu/lib/python3.12/encodings/aliases.py", {st_mode=S_IFREG|0664, st_size=15677, ...}) = 0
44045 openat(AT_FDCWD</home/ecochran76/workspace.local/fsearch>, "/home/ecochran76/.local/share/uv/python/cpython-3.12.13-linux-x86_64-gnu/lib/python3.12/encodings/__pycache__/aliases.cpython-312.pyc", O_RDONLY|O_CLOEXEC) = 3</home/ecochran76/.local/share/uv/python/cpython-3.12.13-linux-x86_64-gnu/lib/python3.12/encodings/__pycache__/aliases.cpython-312.pyc>
44045 stat("/home/ecochran76/.local/share/uv/python/cpython-3.12.13-linux-x86_64-gnu/lib/python3.12/encodings", {st_mode=S_IFDIR|0775, st_size=4096, ...}) = 0
44045 stat("/home/ecochran76/.local/share/uv/python/cpython-3.12.13-linux-x86_64-gnu/lib/python3.12/encodings/utf_8.py", {st_mode=S_IFREG|0664, st_size=1005, ...}) = 0
44045 stat("/home/ecochran76/.local/share/uv/python/cpython-3.12.13-linux-x86_64-gnu/lib/python3.12/encodings/utf_8.py", {st_mode=S_IFREG|0664, st_size=1005, ...}) = 0
44045 openat(AT_FDCWD</home/ecochran76/workspace.local/fsearch>, "/home/ecochran76/.local/share/uv/python/cpython-3.12.13-linux-x86_64-gnu/lib/python3.12/encodings/__pycache__/utf_8.cpython-312.pyc", O_RDONLY|O_CLOEXEC) = 3</home/ecochran76/.local/share/uv/python/cpython-3.12.13-linux-x86_64-gnu/lib/python3.12/encodings/__pycache__/utf_8.cpython-312.pyc>
44045 stat("/home/ecochran76/.local/bin/pyvenv.cfg", 0x7ffe9dbc6e98) = -1 ENOENT (No such file or directory)
44045 stat("/home/ecochran76/.local/pyvenv.cfg", 0x7ffe9dbc6ed8) = -1 ENOENT (No such file or directory)
44045 stat("/home/ecochran76/.local/lib/python3.12/site-packages", {st_mode=S_IFDIR|0775, st_size=4096, ...}) = 0
44045 openat(AT_FDCWD</home/ecochran76/workspace.local/fsearch>, "/home/ecochran76/.local/lib/python3.12/site-packages", O_RDONLY|O_NONBLOCK|O_CLOEXEC|O_DIRECTORY) = 3</home/ecochran76/.local/lib/python3.12/site-packages>
44045 getdents64(3</home/ecochran76/.local/lib/python3.12/site-packages>, 0x34ae7fb0 /* 4 entries */, 32768) = 112
44045 getdents64(3</home/ecochran76/.local/lib/python3.12/site-packages>, 0x34ae7fb0 /* 0 entries */, 32768) = 0
44045 stat("/home/ecochran76/.local/share/uv/python/cpython-3.12.13-linux-x86_64-gnu/lib/python3.12/site-packages", {st_mode=S_IFDIR|0775, st_size=4096, ...}) = 0
44045 openat(AT_FDCWD</home/ecochran76/workspace.local/fsearch>, "/home/ecochran76/.local/share/uv/python/cpython-3.12.13-linux-x86_64-gnu/lib/python3.12/site-packages", O_RDONLY|O_NONBLOCK|O_CLOEXEC|O_DIRECTORY) = 3</home/ecochran76/.local/share/uv/python/cpython-3.12.13-linux-x86_64-gnu/lib/python3.12/site-packages>
44045 getdents64(3</home/ecochran76/.local/share/uv/python/cpython-3.12.13-linux-x86_64-gnu/lib/python3.12/site-packages>, 0x34ae7fb0 /* 9 entries */, 32768) = 304
44045 getdents64(3</home/ecochran76/.local/share/uv/python/cpython-3.12.13-linux-x86_64-gnu/lib/python3.12/site-packages>, 0x34ae7fb0 /* 0 entries */, 32768) = 0
44045 stat("/home/ecochran76/.local/share/uv/python/cpython-3.12.13-linux-x86_64-gnu/lib/python3.12", {st_mode=S_IFDIR|0775, st_size=4096, ...}) = 0
44045 stat("/home/ecochran76/.local/share/uv/python/cpython-3.12.13-linux-x86_64-gnu/lib/python3.12/lib-dynload", {st_mode=S_IFDIR|0775, st_size=4096, ...}) = 0
44045 stat("/home/ecochran76/.local/share/uv/python/cpython-3.12.13-linux-x86_64-gnu/lib/python3.12/lib-dynload", {st_mode=S_IFDIR|0775, st_size=4096, ...}) = 0
44045 stat("/home/ecochran76/.local/share/uv/python/cpython-3.12.13-linux-x86_64-gnu/lib/python3.12/lib-dynload", {st_mode=S_IFDIR|0775, st_size=4096, ...}) = 0
44045 openat(AT_FDCWD</home/ecochran76/workspace.local/fsearch>, "/home/ecochran76/.local/share/uv/python/cpython-3.12.13-linux-x86_64-gnu/lib/python3.12/lib-dynload", O_RDONLY|O_NONBLOCK|O_CLOEXEC|O_DIRECTORY) = 3</home/ecochran76/.local/share/uv/python/cpython-3.12.13-linux-x86_64-gnu/lib/python3.12/lib-dynload>
44045 getdents64(3</home/ecochran76/.local/share/uv/python/cpython-3.12.13-linux-x86_64-gnu/lib/python3.12/lib-dynload>, 0x34ae7fb0 /* 7 entries */, 32768) = 328
44045 getdents64(3</home/ecochran76/.local/share/uv/python/cpython-3.12.13-linux-x86_64-gnu/lib/python3.12/lib-dynload>, 0x34ae7fb0 /* 0 entries */, 32768) = 0
44045 stat("/home/ecochran76/.local/lib/python3.12/site-packages", {st_mode=S_IFDIR|0775, st_size=4096, ...}) = 0
44045 stat("/home/ecochran76/.local/lib/python3.12/site-packages", {st_mode=S_IFDIR|0775, st_size=4096, ...}) = 0
44045 stat("/home/ecochran76/.local/lib/python3.12/site-packages", {st_mode=S_IFDIR|0775, st_size=4096, ...}) = 0
44045 openat(AT_FDCWD</home/ecochran76/workspace.local/fsearch>, "/home/ecochran76/.local/lib/python3.12/site-packages", O_RDONLY|O_NONBLOCK|O_CLOEXEC|O_DIRECTORY) = 3</home/ecochran76/.local/lib/python3.12/site-packages>
44045 getdents64(3</home/ecochran76/.local/lib/python3.12/site-packages>, 0x34ae7fb0 /* 4 entries */, 32768) = 112
44045 getdents64(3</home/ecochran76/.local/lib/python3.12/site-packages>, 0x34ae7fb0 /* 0 entries */, 32768) = 0
44045 stat("/home/ecochran76/.local/share/uv/python/cpython-3.12.13-linux-x86_64-gnu/lib/python3.12/site-packages", {st_mode=S_IFDIR|0775, st_size=4096, ...}) = 0
44045 stat("/home/ecochran76/.local/share/uv/python/cpython-3.12.13-linux-x86_64-gnu/lib/python3.12/site-packages", {st_mode=S_IFDIR|0775, st_size=4096, ...}) = 0
44045 stat("/home/ecochran76/.local/share/uv/python/cpython-3.12.13-linux-x86_64-gnu/lib/python3.12/site-packages", {st_mode=S_IFDIR|0775, st_size=4096, ...}) = 0
44045 openat(AT_FDCWD</home/ecochran76/workspace.local/fsearch>, "/home/ecochran76/.local/share/uv/python/cpython-3.12.13-linux-x86_64-gnu/lib/python3.12/site-packages", O_RDONLY|O_NONBLOCK|O_CLOEXEC|O_DIRECTORY) = 3</home/ecochran76/.local/share/uv/python/cpython-3.12.13-linux-x86_64-gnu/lib/python3.12/site-packages>
44045 getdents64(3</home/ecochran76/.local/share/uv/python/cpython-3.12.13-linux-x86_64-gnu/lib/python3.12/site-packages>, 0x34ae7fb0 /* 9 entries */, 32768) = 304
44045 getdents64(3</home/ecochran76/.local/share/uv/python/cpython-3.12.13-linux-x86_64-gnu/lib/python3.12/site-packages>, 0x34ae7fb0 /* 0 entries */, 32768) = 0
44045 stat("/home/ecochran76/.local/share/uv/python/cpython-3.12.13-linux-x86_64-gnu/lib/python3.12", {st_mode=S_IFDIR|0775, st_size=4096, ...}) = 0
44045 stat("/home/ecochran76/.local/share/uv/python/cpython-3.12.13-linux-x86_64-gnu/lib/python3.12/lib-dynload", {st_mode=S_IFDIR|0775, st_size=4096, ...}) = 0
44045 stat("/home/ecochran76/.local/lib/python3.12/site-packages", {st_mode=S_IFDIR|0775, st_size=4096, ...}) = 0
44045 stat("/home/ecochran76/.local/share/uv/python/cpython-3.12.13-linux-x86_64-gnu/lib/python3.12/site-packages", {st_mode=S_IFDIR|0775, st_size=4096, ...}) = 0
44045 stat("/home/ecochran76/.local/share/fsearch/runtimes/10170cfe7848754bd5c68a49685d62ff17f2308e/bin/fsearch-service", {st_mode=S_IFREG|0755, st_size=32186, ...}) = 0
44045 openat(AT_FDCWD</home/ecochran76/workspace.local/fsearch>, "/home/ecochran76/.local/share/fsearch/runtimes/10170cfe7848754bd5c68a49685d62ff17f2308e/bin/fsearch-service", O_RDONLY|O_CLOEXEC) = 3</home/ecochran76/.local/share/fsearch/runtimes/10170cfe7848754bd5c68a49685d62ff17f2308e/bin/fsearch-service>
44045 stat("/home/ecochran76/.local/share/fsearch/runtimes/10170cfe7848754bd5c68a49685d62ff17f2308e/bin/fsearch-service", {st_mode=S_IFREG|0755, st_size=32186, ...}) = 0
44045 readlink("/home/ecochran76/.local/share/fsearch/runtimes/10170cfe7848754bd5c68a49685d62ff17f2308e/bin/fsearch-service", 0x7ffe9dbb7010, 4096) = -1 EINVAL (Invalid argument)
44045 readlink("/home", 0x7ffe9dbb6bc0, 1023) = -1 EINVAL (Invalid argument)
44045 readlink("/home/ecochran76", 0x7ffe9dbb6bc0, 1023) = -1 EINVAL (Invalid argument)
44045 readlink("/home/ecochran76/.local", 0x7ffe9dbb6bc0, 1023) = -1 EINVAL (Invalid argument)
44045 readlink("/home/ecochran76/.local/share", 0x7ffe9dbb6bc0, 1023) = -1 EINVAL (Invalid argument)
44045 readlink("/home/ecochran76/.local/share/fsearch", 0x7ffe9dbb6bc0, 1023) = -1 EINVAL (Invalid argument)
44045 readlink("/home/ecochran76/.local/share/fsearch/runtimes", 0x7ffe9dbb6bc0, 1023) = -1 EINVAL (Invalid argument)
44045 readlink("/home/ecochran76/.local/share/fsearch/runtimes/10170cfe7848754bd5c68a49685d62ff17f2308e", 0x7ffe9dbb6bc0, 1023) = -1 EINVAL (Invalid argument)
44045 readlink("/home/ecochran76/.local/share/fsearch/runtimes/10170cfe7848754bd5c68a49685d62ff17f2308e/bin", 0x7ffe9dbb6bc0, 1023) = -1 EINVAL (Invalid argument)
44045 readlink("/home/ecochran76/.local/share/fsearch/runtimes/10170cfe7848754bd5c68a49685d62ff17f2308e/bin/fsearch-service", 0x7ffe9dbb6bc0, 1023) = -1 EINVAL (Invalid argument)
44045 openat(AT_FDCWD</home/ecochran76/workspace.local/fsearch>, "/home/ecochran76/.local/share/fsearch/runtimes/10170cfe7848754bd5c68a49685d62ff17f2308e/bin/fsearch-service", O_RDONLY) = 3</home/ecochran76/.local/share/fsearch/runtimes/10170cfe7848754bd5c68a49685d62ff17f2308e/bin/fsearch-service>
44045 stat("/home/ecochran76/.local/share/fsearch/runtimes/10170cfe7848754bd5c68a49685d62ff17f2308e/bin", {st_mode=S_IFDIR|0700, st_size=4096, ...}) = 0
44045 stat("/home/ecochran76/.local/share/fsearch/runtimes/10170cfe7848754bd5c68a49685d62ff17f2308e/bin", {st_mode=S_IFDIR|0700, st_size=4096, ...}) = 0
44045 stat("/home/ecochran76/.local/share/fsearch/runtimes/10170cfe7848754bd5c68a49685d62ff17f2308e/bin", {st_mode=S_IFDIR|0700, st_size=4096, ...}) = 0
44045 openat(AT_FDCWD</home/ecochran76/workspace.local/fsearch>, "/home/ecochran76/.local/share/fsearch/runtimes/10170cfe7848754bd5c68a49685d62ff17f2308e/bin", O_RDONLY|O_NONBLOCK|O_CLOEXEC|O_DIRECTORY) = 3</home/ecochran76/.local/share/fsearch/runtimes/10170cfe7848754bd5c68a49685d62ff17f2308e/bin>
44045 getdents64(3</home/ecochran76/.local/share/fsearch/runtimes/10170cfe7848754bd5c68a49685d62ff17f2308e/bin>, 0x34c16e50 /* 10 entries */, 32768) = 368
44045 getdents64(3</home/ecochran76/.local/share/fsearch/runtimes/10170cfe7848754bd5c68a49685d62ff17f2308e/bin>, 0x34c16e50 /* 0 entries */, 32768) = 0
44045 stat("/home/ecochran76/.local/share/uv/python/cpython-3.12.13-linux-x86_64-gnu/lib/python3.12", {st_mode=S_IFDIR|0775, st_size=4096, ...}) = 0
44045 stat("/home/ecochran76/.local/share/uv/python/cpython-3.12.13-linux-x86_64-gnu/lib/python3.12/argparse.py", {st_mode=S_IFREG|0664, st_size=101155, ...}) = 0
44045 stat("/home/ecochran76/.local/share/uv/python/cpython-3.12.13-linux-x86_64-gnu/lib/python3.12/argparse.py", {st_mode=S_IFREG|0664, st_size=101155, ...}) = 0
44045 openat(AT_FDCWD</home/ecochran76/workspace.local/fsearch>, "/home/ecochran76/.local/share/uv/python/cpython-3.12.13-linux-x86_64-gnu/lib/python3.12/__pycache__/argparse.cpython-312.pyc", O_RDONLY|O_CLOEXEC) = 3</home/ecochran76/.local/share/uv/python/cpython-3.12.13-linux-x86_64-gnu/lib/python3.12/__pycache__/argparse.cpython-312.pyc>
44045 stat("/home/ecochran76/.local/share/fsearch/runtimes/10170cfe7848754bd5c68a49685d62ff17f2308e/bin", {st_mode=S_IFDIR|0700, st_size=4096, ...}) = 0
44045 stat("/home/ecochran76/.local/share/uv/python/cpython-3.12.13-linux-x86_64-gnu/lib/python3.12", {st_mode=S_IFDIR|0775, st_size=4096, ...}) = 0
44045 stat("/home/ecochran76/.local/share/uv/python/cpython-3.12.13-linux-x86_64-gnu/lib/python3.12/re/__init__.cpython-312-x86_64-linux-gnu.so", 0x7ffe9dbc6d68) = -1 ENOENT (No such file or directory)
44045 stat("/home/ecochran76/.local/share/uv/python/cpython-3.12.13-linux-x86_64-gnu/lib/python3.12/re/__init__.abi3.so", 0x7ffe9dbc6d68) = -1 ENOENT (No such file or directory)
44045 stat("/home/ecochran76/.local/share/uv/python/cpython-3.12.13-linux-x86_64-gnu/lib/python3.12/re/__init__.so", 0x7ffe9dbc6d68) = -1 ENOENT (No such file or directory)
44045 stat("/home/ecochran76/.local/share/uv/python/cpython-3.12.13-linux-x86_64-gnu/lib/python3.12/re/__init__.py", {st_mode=S_IFREG|0664, st_size=16315, ...}) = 0
44045 stat("/home/ecochran76/.local/share/uv/python/cpython-3.12.13-linux-x86_64-gnu/lib/python3.12/re/__init__.py", {st_mode=S_IFREG|0664, st_size=16315, ...}) = 0
44045 openat(AT_FDCWD</home/ecochran76/workspace.local/fsearch>, "/home/ecochran76/.local/share/uv/python/cpython-3.12.13-linux-x86_64-gnu/lib/python3.12/re/__pycache__/__init__.cpython-312.pyc", O_RDONLY|O_CLOEXEC) = 3</home/ecochran76/.local/share/uv/python/cpython-3.12.13-linux-x86_64-gnu/lib/python3.12/re/__pycache__/__init__.cpython-312.pyc>
44045 stat("/home/ecochran76/.local/share/fsearch/runtimes/10170cfe7848754bd5c68a49685d62ff17f2308e/bin", {st_mode=S_IFDIR|0700, st_size=4096, ...}) = 0
44045 stat("/home/ecochran76/.local/share/uv/python/cpython-3.12.13-linux-x86_64-gnu/lib/python3.12", {st_mode=S_IFDIR|0775, st_size=4096, ...}) = 0
44045 stat("/home/ecochran76/.local/share/uv/python/cpython-3.12.13-linux-x86_64-gnu/lib/python3.12/enum.py", {st_mode=S_IFREG|0664, st_size=81540, ...}) = 0
44045 stat("/home/ecochran76/.local/share/uv/python/cpython-3.12.13-linux-x86_64-gnu/lib/python3.12/enum.py", {st_mode=S_IFREG|0664, st_size=81540, ...}) = 0
44045 openat(AT_FDCWD</home/ecochran76/workspace.local/fsearch>, "/home/ecochran76/.local/share/uv/python/cpython-3.12.13-linux-x86_64-gnu/lib/python3.12/__pycache__/enum.cpython-312.pyc", O_RDONLY|O_CLOEXEC) = 3</home/ecochran76/.local/share/uv/python/cpython-3.12.13-linux-x86_64-gnu/lib/python3.12/__pycache__/enum.cpython-312.pyc>
44045 stat("/home/ecochran76/.local/share/fsearch/runtimes/10170cfe7848754bd5c68a49685d62ff17f2308e/bin", {st_mode=S_IFDIR|0700, st_size=4096, ...}) = 0
44045 stat("/home/ecochran76/.local/share/uv/python/cpython-3.12.13-linux-x86_64-gnu/lib/python3.12", {st_mode=S_IFDIR|0775, st_size=4096, ...}) = 0
44045 stat("/home/ecochran76/.local/share/uv/python/cpython-3.12.13-linux-x86_64-gnu/lib/python3.12/types.py", {st_mode=S_IFREG|0664, st_size=10993, ...}) = 0
44045 stat("/home/ecochran76/.local/share/uv/python/cpython-3.12.13-linux-x86_64-gnu/lib/python3.12/types.py", {st_mode=S_IFREG|0664, st_size=10993, ...}) = 0
44045 openat(AT_FDCWD</home/ecochran76/workspace.local/fsearch>, "/home/ecochran76/.local/share/uv/python/cpython-3.12.13-linux-x86_64-gnu/lib/python3.12/__pycache__/types.cpython-312.pyc", O_RDONLY|O_CLOEXEC) = 3</home/ecochran76/.local/share/uv/python/cpython-3.12.13-linux-x86_64-gnu/lib/python3.12/__pycache__/types.cpython-312.pyc>
44045 stat("/home/ecochran76/.local/share/fsearch/runtimes/10170cfe7848754bd5c68a49685d62ff17f2308e/bin", {st_mode=S_IFDIR|0700, st_size=4096, ...}) = 0
44045 stat("/home/ecochran76/.local/share/uv/python/cpython-3.12.13-linux-x86_64-gnu/lib/python3.12", {st_mode=S_IFDIR|0775, st_size=4096, ...}) = 0
44045 stat("/home/ecochran76/.local/share/uv/python/cpython-3.12.13-linux-x86_64-gnu/lib/python3.12/operator.py", {st_mode=S_IFREG|0664, st_size=10965, ...}) = 0
44045 stat("/home/ecochran76/.local/share/uv/python/cpython-3.12.13-linux-x86_64-gnu/lib/python3.12/operator.py", {st_mode=S_IFREG|0664, st_size=10965, ...}) = 0
44045 openat(AT_FDCWD</home/ecochran76/workspace.local/fsearch>, "/home/ecochran76/.local/share/uv/python/cpython-3.12.13-linux-x86_64-gnu/lib/python3.12/__pycache__/operator.cpython-312.pyc", O_RDONLY|O_CLOEXEC) = 3</home/ecochran76/.local/share/uv/python/cpython-3.12.13-linux-x86_64-gnu/lib/python3.12/__pycache__/operator.cpython-312.pyc>
44045 stat("/home/ecochran76/.local/share/fsearch/runtimes/10170cfe7848754bd5c68a49685d62ff17f2308e/bin", {st_mode=S_IFDIR|0700, st_size=4096, ...}) = 0
44045 stat("/home/ecochran76/.local/share/uv/python/cpython-3.12.13-linux-x86_64-gnu/lib/python3.12", {st_mode=S_IFDIR|0775, st_size=4096, ...}) = 0
44045 stat("/home/ecochran76/.local/share/uv/python/cpython-3.12.13-linux-x86_64-gnu/lib/python3.12/functools.py", {st_mode=S_IFREG|0664, st_size=37940, ...}) = 0
44045 stat("/home/ecochran76/.local/share/uv/python/cpython-3.12.13-linux-x86_64-gnu/lib/python3.12/functools.py", {st_mode=S_IFREG|0664, st_size=37940, ...}) = 0
44045 openat(AT_FDCWD</home/ecochran76/workspace.local/fsearch>, "/home/ecochran76/.local/share/uv/python/cpython-3.12.13-linux-x86_64-gnu/lib/python3.12/__pycache__/functools.cpython-312.pyc", O_RDONLY|O_CLOEXEC) = 3</home/ecochran76/.local/share/uv/python/cpython-3.12.13-linux-x86_64-gnu/lib/python3.12/__pycache__/functools.cpython-312.pyc>
44045 stat("/home/ecochran76/.local/share/fsearch/runtimes/10170cfe7848754bd5c68a49685d62ff17f2308e/bin", {st_mode=S_IFDIR|0700, st_size=4096, ...}) = 0
44045 stat("/home/ecochran76/.local/share/uv/python/cpython-3.12.13-linux-x86_64-gnu/lib/python3.12", {st_mode=S_IFDIR|0775, st_size=4096, ...}) = 0
44045 stat("/home/ecochran76/.local/share/uv/python/cpython-3.12.13-linux-x86_64-gnu/lib/python3.12/collections/__init__.cpython-312-x86_64-linux-gnu.so", 0x7ffe9dbc5538) = -1 ENOENT (No such file or directory)
44045 stat("/home/ecochran76/.local/share/uv/python/cpython-3.12.13-linux-x86_64-gnu/lib/python3.12/collections/__init__.abi3.so", 0x7ffe9dbc5538) = -1 ENOENT (No such file or directory)
44045 stat("/home/ecochran76/.local/share/uv/python/cpython-3.12.13-linux-x86_64-gnu/lib/python3.12/collections/__init__.so", 0x7ffe9dbc5538) = -1 ENOENT (No such file or directory)
44045 stat("/home/ecochran76/.local/share/uv/python/cpython-3.12.13-linux-x86_64-gnu/lib/python3.12/collections/__init__.py", {st_mode=S_IFREG|0664, st_size=52378, ...}) = 0
44045 stat("/home/ecochran76/.local/share/uv/python/cpython-3.12.13-linux-x86_64-gnu/lib/python3.12/collections/__init__.py", {st_mode=S_IFREG|0664, st_size=52378, ...}) = 0
44045 openat(AT_FDCWD</home/ecochran76/workspace.local/fsearch>, "/home/ecochran76/.local/share/uv/python/cpython-3.12.13-linux-x86_64-gnu/lib/python3.12/collections/__pycache__/__init__.cpython-312.pyc", O_RDONLY|O_CLOEXEC) = 3</home/ecochran76/.local/share/uv/python/cpython-3.12.13-linux-x86_64-gnu/lib/python3.12/collections/__pycache__/__init__.cpython-312.pyc>
44045 stat("/home/ecochran76/.local/share/fsearch/runtimes/10170cfe7848754bd5c68a49685d62ff17f2308e/bin", {st_mode=S_IFDIR|0700, st_size=4096, ...}) = 0
44045 stat("/home/ecochran76/.local/share/uv/python/cpython-3.12.13-linux-x86_64-gnu/lib/python3.12", {st_mode=S_IFDIR|0775, st_size=4096, ...}) = 0
44045 stat("/home/ecochran76/.local/share/uv/python/cpython-3.12.13-linux-x86_64-gnu/lib/python3.12/keyword.py", {st_mode=S_IFREG|0664, st_size=1073, ...}) = 0
44045 stat("/home/ecochran76/.local/share/uv/python/cpython-3.12.13-linux-x86_64-gnu/lib/python3.12/keyword.py", {st_mode=S_IFREG|0664, st_size=1073, ...}) = 0
44045 openat(AT_FDCWD</home/ecochran76/workspace.local/fsearch>, "/home/ecochran76/.local/share/uv/python/cpython-3.12.13-linux-x86_64-gnu/lib/python3.12/__pycache__/keyword.cpython-312.pyc", O_RDONLY|O_CLOEXEC) = 3</home/ecochran76/.local/share/uv/python/cpython-3.12.13-linux-x86_64-gnu/lib/python3.12/__pycache__/keyword.cpython-312.pyc>
44045 stat("/home/ecochran76/.local/share/fsearch/runtimes/10170cfe7848754bd5c68a49685d62ff17f2308e/bin", {st_mode=S_IFDIR|0700, st_size=4096, ...}) = 0
44045 stat("/home/ecochran76/.local/share/uv/python/cpython-3.12.13-linux-x86_64-gnu/lib/python3.12", {st_mode=S_IFDIR|0775, st_size=4096, ...}) = 0
44045 stat("/home/ecochran76/.local/share/uv/python/cpython-3.12.13-linux-x86_64-gnu/lib/python3.12/reprlib.py", {st_mode=S_IFREG|0664, st_size=7148, ...}) = 0
44045 stat("/home/ecochran76/.local/share/uv/python/cpython-3.12.13-linux-x86_64-gnu/lib/python3.12/reprlib.py", {st_mode=S_IFREG|0664, st_size=7148, ...}) = 0
44045 openat(AT_FDCWD</home/ecochran76/workspace.local/fsearch>, "/home/ecochran76/.local/share/uv/python/cpython-3.12.13-linux-x86_64-gnu/lib/python3.12/__pycache__/reprlib.cpython-312.pyc", O_RDONLY|O_CLOEXEC) = 3</home/ecochran76/.local/share/uv/python/cpython-3.12.13-linux-x86_64-gnu/lib/python3.12/__pycache__/reprlib.cpython-312.pyc>
44045 stat("/home/ecochran76/.local/share/uv/python/cpython-3.12.13-linux-x86_64-gnu/lib/python3.12/re", {st_mode=S_IFDIR|0775, st_size=4096, ...}) = 0
44045 stat("/home/ecochran76/.local/share/uv/python/cpython-3.12.13-linux-x86_64-gnu/lib/python3.12/re", {st_mode=S_IFDIR|0775, st_size=4096, ...}) = 0
44045 stat("/home/ecochran76/.local/share/uv/python/cpython-3.12.13-linux-x86_64-gnu/lib/python3.12/re", {st_mode=S_IFDIR|0775, st_size=4096, ...}) = 0
44045 openat(AT_FDCWD</home/ecochran76/workspace.local/fsearch>, "/home/ecochran76/.local/share/uv/python/cpython-3.12.13-linux-x86_64-gnu/lib/python3.12/re", O_RDONLY|O_NONBLOCK|O_CLOEXEC|O_DIRECTORY) = 3</home/ecochran76/.local/share/uv/python/cpython-3.12.13-linux-x86_64-gnu/lib/python3.12/re>
44045 getdents64(3</home/ecochran76/.local/share/uv/python/cpython-3.12.13-linux-x86_64-gnu/lib/python3.12/re>, 0x34d13ce0 /* 8 entries */, 32768) = 248
44045 getdents64(3</home/ecochran76/.local/share/uv/python/cpython-3.12.13-linux-x86_64-gnu/lib/python3.12/re>, 0x34d13ce0 /* 0 entries */, 32768) = 0
44045 stat("/home/ecochran76/.local/share/uv/python/cpython-3.12.13-linux-x86_64-gnu/lib/python3.12/re/_compiler.py", {st_mode=S_IFREG|0664, st_size=26399, ...}) = 0
44045 stat("/home/ecochran76/.local/share/uv/python/cpython-3.12.13-linux-x86_64-gnu/lib/python3.12/re/_compiler.py", {st_mode=S_IFREG|0664, st_size=26399, ...}) = 0
44045 openat(AT_FDCWD</home/ecochran76/workspace.local/fsearch>, "/home/ecochran76/.local/share/uv/python/cpython-3.12.13-linux-x86_64-gnu/lib/python3.12/re/__pycache__/_compiler.cpython-312.pyc", O_RDONLY|O_CLOEXEC) = 3</home/ecochran76/.local/share/uv/python/cpython-3.12.13-linux-x86_64-gnu/lib/python3.12/re/__pycache__/_compiler.cpython-312.pyc>
44045 stat("/home/ecochran76/.local/share/uv/python/cpython-3.12.13-linux-x86_64-gnu/lib/python3.12/re", {st_mode=S_IFDIR|0775, st_size=4096, ...}) = 0
44045 stat("/home/ecochran76/.local/share/uv/python/cpython-3.12.13-linux-x86_64-gnu/lib/python3.12/re/_parser.py", {st_mode=S_IFREG|0664, st_size=41201, ...}) = 0
44045 stat("/home/ecochran76/.local/share/uv/python/cpython-3.12.13-linux-x86_64-gnu/lib/python3.12/re/_parser.py", {st_mode=S_IFREG|0664, st_size=41201, ...}) = 0
44045 openat(AT_FDCWD</home/ecochran76/workspace.local/fsearch>, "/home/ecochran76/.local/share/uv/python/cpython-3.12.13-linux-x86_64-gnu/lib/python3.12/re/__pycache__/_parser.cpython-312.pyc", O_RDONLY|O_CLOEXEC) = 3</home/ecochran76/.local/share/uv/python/cpython-3.12.13-linux-x86_64-gnu/lib/python3.12/re/__pycache__/_parser.cpython-312.pyc>
44045 stat("/home/ecochran76/.local/share/uv/python/cpython-3.12.13-linux-x86_64-gnu/lib/python3.12/re", {st_mode=S_IFDIR|0775, st_size=4096, ...}) = 0
44045 stat("/home/ecochran76/.local/share/uv/python/cpython-3.12.13-linux-x86_64-gnu/lib/python3.12/re/_constants.py", {st_mode=S_IFREG|0664, st_size=5930, ...}) = 0
44045 stat("/home/ecochran76/.local/share/uv/python/cpython-3.12.13-linux-x86_64-gnu/lib/python3.12/re/_constants.py", {st_mode=S_IFREG|0664, st_size=5930, ...}) = 0
44045 openat(AT_FDCWD</home/ecochran76/workspace.local/fsearch>, "/home/ecochran76/.local/share/uv/python/cpython-3.12.13-linux-x86_64-gnu/lib/python3.12/re/__pycache__/_constants.cpython-312.pyc", O_RDONLY|O_CLOEXEC) = 3</home/ecochran76/.local/share/uv/python/cpython-3.12.13-linux-x86_64-gnu/lib/python3.12/re/__pycache__/_constants.cpython-312.pyc>
44045 stat("/home/ecochran76/.local/share/uv/python/cpython-3.12.13-linux-x86_64-gnu/lib/python3.12/re", {st_mode=S_IFDIR|0775, st_size=4096, ...}) = 0
44045 stat("/home/ecochran76/.local/share/uv/python/cpython-3.12.13-linux-x86_64-gnu/lib/python3.12/re/_casefix.py", {st_mode=S_IFREG|0664, st_size=5444, ...}) = 0
44045 stat("/home/ecochran76/.local/share/uv/python/cpython-3.12.13-linux-x86_64-gnu/lib/python3.12/re/_casefix.py", {st_mode=S_IFREG|0664, st_size=5444, ...}) = 0
44045 openat(AT_FDCWD</home/ecochran76/workspace.local/fsearch>, "/home/ecochran76/.local/share/uv/python/cpython-3.12.13-linux-x86_64-gnu/lib/python3.12/re/__pycache__/_casefix.cpython-312.pyc", O_RDONLY|O_CLOEXEC) = 3</home/ecochran76/.local/share/uv/python/cpython-3.12.13-linux-x86_64-gnu/lib/python3.12/re/__pycache__/_casefix.cpython-312.pyc>
44045 stat("/home/ecochran76/.local/share/fsearch/runtimes/10170cfe7848754bd5c68a49685d62ff17f2308e/bin", {st_mode=S_IFDIR|0700, st_size=4096, ...}) = 0
44045 stat("/home/ecochran76/.local/share/uv/python/cpython-3.12.13-linux-x86_64-gnu/lib/python3.12", {st_mode=S_IFDIR|0775, st_size=4096, ...}) = 0
44045 stat("/home/ecochran76/.local/share/uv/python/cpython-3.12.13-linux-x86_64-gnu/lib/python3.12/copyreg.py", {st_mode=S_IFREG|0664, st_size=7614, ...}) = 0
44045 stat("/home/ecochran76/.local/share/uv/python/cpython-3.12.13-linux-x86_64-gnu/lib/python3.12/copyreg.py", {st_mode=S_IFREG|0664, st_size=7614, ...}) = 0
44045 openat(AT_FDCWD</home/ecochran76/workspace.local/fsearch>, "/home/ecochran76/.local/share/uv/python/cpython-3.12.13-linux-x86_64-gnu/lib/python3.12/__pycache__/copyreg.cpython-312.pyc", O_RDONLY|O_CLOEXEC) = 3</home/ecochran76/.local/share/uv/python/cpython-3.12.13-linux-x86_64-gnu/lib/python3.12/__pycache__/copyreg.cpython-312.pyc>
44045 stat("/home/ecochran76/.local/share/fsearch/runtimes/10170cfe7848754bd5c68a49685d62ff17f2308e/bin", {st_mode=S_IFDIR|0700, st_size=4096, ...}) = 0
44045 stat("/home/ecochran76/.local/share/uv/python/cpython-3.12.13-linux-x86_64-gnu/lib/python3.12", {st_mode=S_IFDIR|0775, st_size=4096, ...}) = 0
44045 stat("/home/ecochran76/.local/share/uv/python/cpython-3.12.13-linux-x86_64-gnu/lib/python3.12/warnings.py", {st_mode=S_IFREG|0664, st_size=21909, ...}) = 0
44045 stat("/home/ecochran76/.local/share/uv/python/cpython-3.12.13-linux-x86_64-gnu/lib/python3.12/warnings.py", {st_mode=S_IFREG|0664, st_size=21909, ...}) = 0
44045 openat(AT_FDCWD</home/ecochran76/workspace.local/fsearch>, "/home/ecochran76/.local/share/uv/python/cpython-3.12.13-linux-x86_64-gnu/lib/python3.12/__pycache__/warnings.cpython-312.pyc", O_RDONLY|O_CLOEXEC) = 3</home/ecochran76/.local/share/uv/python/cpython-3.12.13-linux-x86_64-gnu/lib/python3.12/__pycache__/warnings.cpython-312.pyc>
44045 stat("/home/ecochran76/.local/share/fsearch/runtimes/10170cfe7848754bd5c68a49685d62ff17f2308e/bin", {st_mode=S_IFDIR|0700, st_size=4096, ...}) = 0
44045 stat("/home/ecochran76/.local/share/uv/python/cpython-3.12.13-linux-x86_64-gnu/lib/python3.12", {st_mode=S_IFDIR|0775, st_size=4096, ...}) = 0
44045 stat("/home/ecochran76/.local/share/uv/python/cpython-3.12.13-linux-x86_64-gnu/lib/python3.12/gettext.py", {st_mode=S_IFREG|0664, st_size=21320, ...}) = 0
44045 stat("/home/ecochran76/.local/share/uv/python/cpython-3.12.13-linux-x86_64-gnu/lib/python3.12/gettext.py", {st_mode=S_IFREG|0664, st_size=21320, ...}) = 0
44045 openat(AT_FDCWD</home/ecochran76/workspace.local/fsearch>, "/home/ecochran76/.local/share/uv/python/cpython-3.12.13-linux-x86_64-gnu/lib/python3.12/__pycache__/gettext.cpython-312.pyc", O_RDONLY|O_CLOEXEC) = 3</home/ecochran76/.local/share/uv/python/cpython-3.12.13-linux-x86_64-gnu/lib/python3.12/__pycache__/gettext.cpython-312.pyc>
44045 stat("/home/ecochran76/.local/share/fsearch/runtimes/10170cfe7848754bd5c68a49685d62ff17f2308e/bin", {st_mode=S_IFDIR|0700, st_size=4096, ...}) = 0
44045 stat("/home/ecochran76/.local/share/uv/python/cpython-3.12.13-linux-x86_64-gnu/lib/python3.12", {st_mode=S_IFDIR|0775, st_size=4096, ...}) = 0
44045 stat("/home/ecochran76/.local/share/uv/python/cpython-3.12.13-linux-x86_64-gnu/lib/python3.12/base64.py", {st_mode=S_IFREG|0775, st_size=20635, ...}) = 0
44045 stat("/home/ecochran76/.local/share/uv/python/cpython-3.12.13-linux-x86_64-gnu/lib/python3.12/base64.py", {st_mode=S_IFREG|0775, st_size=20635, ...}) = 0
44045 openat(AT_FDCWD</home/ecochran76/workspace.local/fsearch>, "/home/ecochran76/.local/share/uv/python/cpython-3.12.13-linux-x86_64-gnu/lib/python3.12/__pycache__/base64.cpython-312.pyc", O_RDONLY|O_CLOEXEC) = 3</home/ecochran76/.local/share/uv/python/cpython-3.12.13-linux-x86_64-gnu/lib/python3.12/__pycache__/base64.cpython-312.pyc>
44045 stat("/home/ecochran76/.local/share/fsearch/runtimes/10170cfe7848754bd5c68a49685d62ff17f2308e/bin", {st_mode=S_IFDIR|0700, st_size=4096, ...}) = 0
44045 stat("/home/ecochran76/.local/share/uv/python/cpython-3.12.13-linux-x86_64-gnu/lib/python3.12", {st_mode=S_IFDIR|0775, st_size=4096, ...}) = 0
44045 stat("/home/ecochran76/.local/share/uv/python/cpython-3.12.13-linux-x86_64-gnu/lib/python3.12/struct.py", {st_mode=S_IFREG|0664, st_size=257, ...}) = 0
44045 stat("/home/ecochran76/.local/share/uv/python/cpython-3.12.13-linux-x86_64-gnu/lib/python3.12/struct.py", {st_mode=S_IFREG|0664, st_size=257, ...}) = 0
44045 openat(AT_FDCWD</home/ecochran76/workspace.local/fsearch>, "/home/ecochran76/.local/share/uv/python/cpython-3.12.13-linux-x86_64-gnu/lib/python3.12/__pycache__/struct.cpython-312.pyc", O_RDONLY|O_CLOEXEC) = 3</home/ecochran76/.local/share/uv/python/cpython-3.12.13-linux-x86_64-gnu/lib/python3.12/__pycache__/struct.cpython-312.pyc>
44045 stat("/home/ecochran76/.local/share/fsearch/runtimes/10170cfe7848754bd5c68a49685d62ff17f2308e/bin", {st_mode=S_IFDIR|0700, st_size=4096, ...}) = 0
44045 stat("/home/ecochran76/.local/share/uv/python/cpython-3.12.13-linux-x86_64-gnu/lib/python3.12", {st_mode=S_IFDIR|0775, st_size=4096, ...}) = 0
44045 stat("/home/ecochran76/.local/share/uv/python/cpython-3.12.13-linux-x86_64-gnu/lib/python3.12/json/__init__.cpython-312-x86_64-linux-gnu.so", 0x7ffe9dbc7578) = -1 ENOENT (No such file or directory)
44045 stat("/home/ecochran76/.local/share/uv/python/cpython-3.12.13-linux-x86_64-gnu/lib/python3.12/json/__init__.abi3.so", 0x7ffe9dbc7578) = -1 ENOENT (No such file or directory)
44045 stat("/home/ecochran76/.local/share/uv/python/cpython-3.12.13-linux-x86_64-gnu/lib/python3.12/json/__init__.so", 0x7ffe9dbc7578) = -1 ENOENT (No such file or directory)
44045 stat("/home/ecochran76/.local/share/uv/python/cpython-3.12.13-linux-x86_64-gnu/lib/python3.12/json/__init__.py", {st_mode=S_IFREG|0664, st_size=14020, ...}) = 0
44045 stat("/home/ecochran76/.local/share/uv/python/cpython-3.12.13-linux-x86_64-gnu/lib/python3.12/json/__init__.py", {st_mode=S_IFREG|0664, st_size=14020, ...}) = 0
44045 openat(AT_FDCWD</home/ecochran76/workspace.local/fsearch>, "/home/ecochran76/.local/share/uv/python/cpython-3.12.13-linux-x86_64-gnu/lib/python3.12/json/__pycache__/__init__.cpython-312.pyc", O_RDONLY|O_CLOEXEC) = 3</home/ecochran76/.local/share/uv/python/cpython-3.12.13-linux-x86_64-gnu/lib/python3.12/json/__pycache__/__init__.cpython-312.pyc>
44045 stat("/home/ecochran76/.local/share/uv/python/cpython-3.12.13-linux-x86_64-gnu/lib/python3.12/json", {st_mode=S_IFDIR|0775, st_size=4096, ...}) = 0
44045 stat("/home/ecochran76/.local/share/uv/python/cpython-3.12.13-linux-x86_64-gnu/lib/python3.12/json", {st_mode=S_IFDIR|0775, st_size=4096, ...}) = 0
44045 stat("/home/ecochran76/.local/share/uv/python/cpython-3.12.13-linux-x86_64-gnu/lib/python3.12/json", {st_mode=S_IFDIR|0775, st_size=4096, ...}) = 0
44045 openat(AT_FDCWD</home/ecochran76/workspace.local/fsearch>, "/home/ecochran76/.local/share/uv/python/cpython-3.12.13-linux-x86_64-gnu/lib/python3.12/json", O_RDONLY|O_NONBLOCK|O_CLOEXEC|O_DIRECTORY) = 3</home/ecochran76/.local/share/uv/python/cpython-3.12.13-linux-x86_64-gnu/lib/python3.12/json>
44045 getdents64(3</home/ecochran76/.local/share/uv/python/cpython-3.12.13-linux-x86_64-gnu/lib/python3.12/json>, 0x34d51e70 /* 8 entries */, 32768) = 240
44045 getdents64(3</home/ecochran76/.local/share/uv/python/cpython-3.12.13-linux-x86_64-gnu/lib/python3.12/json>, 0x34d51e70 /* 0 entries */, 32768) = 0
44045 stat("/home/ecochran76/.local/share/uv/python/cpython-3.12.13-linux-x86_64-gnu/lib/python3.12/json/decoder.py", {st_mode=S_IFREG|0664, st_size=12525, ...}) = 0
44045 stat("/home/ecochran76/.local/share/uv/python/cpython-3.12.13-linux-x86_64-gnu/lib/python3.12/json/decoder.py", {st_mode=S_IFREG|0664, st_size=12525, ...}) = 0
44045 openat(AT_FDCWD</home/ecochran76/workspace.local/fsearch>, "/home/ecochran76/.local/share/uv/python/cpython-3.12.13-linux-x86_64-gnu/lib/python3.12/json/__pycache__/decoder.cpython-312.pyc", O_RDONLY|O_CLOEXEC) = 3</home/ecochran76/.local/share/uv/python/cpython-3.12.13-linux-x86_64-gnu/lib/python3.12/json/__pycache__/decoder.cpython-312.pyc>
44045 stat("/home/ecochran76/.local/share/uv/python/cpython-3.12.13-linux-x86_64-gnu/lib/python3.12/json", {st_mode=S_IFDIR|0775, st_size=4096, ...}) = 0
44045 stat("/home/ecochran76/.local/share/uv/python/cpython-3.12.13-linux-x86_64-gnu/lib/python3.12/json/scanner.py", {st_mode=S_IFREG|0664, st_size=2434, ...}) = 0
44045 stat("/home/ecochran76/.local/share/uv/python/cpython-3.12.13-linux-x86_64-gnu/lib/python3.12/json/scanner.py", {st_mode=S_IFREG|0664, st_size=2434, ...}) = 0
44045 openat(AT_FDCWD</home/ecochran76/workspace.local/fsearch>, "/home/ecochran76/.local/share/uv/python/cpython-3.12.13-linux-x86_64-gnu/lib/python3.12/json/__pycache__/scanner.cpython-312.pyc", O_RDONLY|O_CLOEXEC) = 3</home/ecochran76/.local/share/uv/python/cpython-3.12.13-linux-x86_64-gnu/lib/python3.12/json/__pycache__/scanner.cpython-312.pyc>
44045 stat("/home/ecochran76/.local/share/uv/python/cpython-3.12.13-linux-x86_64-gnu/lib/python3.12/json", {st_mode=S_IFDIR|0775, st_size=4096, ...}) = 0
44045 stat("/home/ecochran76/.local/share/uv/python/cpython-3.12.13-linux-x86_64-gnu/lib/python3.12/json/encoder.py", {st_mode=S_IFREG|0664, st_size=16075, ...}) = 0
44045 stat("/home/ecochran76/.local/share/uv/python/cpython-3.12.13-linux-x86_64-gnu/lib/python3.12/json/encoder.py", {st_mode=S_IFREG|0664, st_size=16075, ...}) = 0
44045 openat(AT_FDCWD</home/ecochran76/workspace.local/fsearch>, "/home/ecochran76/.local/share/uv/python/cpython-3.12.13-linux-x86_64-gnu/lib/python3.12/json/__pycache__/encoder.cpython-312.pyc", O_RDONLY|O_CLOEXEC) = 3</home/ecochran76/.local/share/uv/python/cpython-3.12.13-linux-x86_64-gnu/lib/python3.12/json/__pycache__/encoder.cpython-312.pyc>
44045 stat("/home/ecochran76/.local/share/fsearch/runtimes/10170cfe7848754bd5c68a49685d62ff17f2308e/bin", {st_mode=S_IFDIR|0700, st_size=4096, ...}) = 0
44045 stat("/home/ecochran76/.local/share/uv/python/cpython-3.12.13-linux-x86_64-gnu/lib/python3.12", {st_mode=S_IFDIR|0775, st_size=4096, ...}) = 0
44045 stat("/home/ecochran76/.local/share/uv/python/cpython-3.12.13-linux-x86_64-gnu/lib/python3.12/pathlib.py", {st_mode=S_IFREG|0664, st_size=51052, ...}) = 0
44045 stat("/home/ecochran76/.local/share/uv/python/cpython-3.12.13-linux-x86_64-gnu/lib/python3.12/pathlib.py", {st_mode=S_IFREG|0664, st_size=51052, ...}) = 0
44045 openat(AT_FDCWD</home/ecochran76/workspace.local/fsearch>, "/home/ecochran76/.local/share/uv/python/cpython-3.12.13-linux-x86_64-gnu/lib/python3.12/__pycache__/pathlib.cpython-312.pyc", O_RDONLY|O_CLOEXEC) = 3</home/ecochran76/.local/share/uv/python/cpython-3.12.13-linux-x86_64-gnu/lib/python3.12/__pycache__/pathlib.cpython-312.pyc>
44045 stat("/home/ecochran76/.local/share/fsearch/runtimes/10170cfe7848754bd5c68a49685d62ff17f2308e/bin", {st_mode=S_IFDIR|0700, st_size=4096, ...}) = 0
44045 stat("/home/ecochran76/.local/share/uv/python/cpython-3.12.13-linux-x86_64-gnu/lib/python3.12", {st_mode=S_IFDIR|0775, st_size=4096, ...}) = 0
44045 stat("/home/ecochran76/.local/share/uv/python/cpython-3.12.13-linux-x86_64-gnu/lib/python3.12/fnmatch.py", {st_mode=S_IFREG|0664, st_size=5999, ...}) = 0
44045 stat("/home/ecochran76/.local/share/uv/python/cpython-3.12.13-linux-x86_64-gnu/lib/python3.12/fnmatch.py", {st_mode=S_IFREG|0664, st_size=5999, ...}) = 0
44045 openat(AT_FDCWD</home/ecochran76/workspace.local/fsearch>, "/home/ecochran76/.local/share/uv/python/cpython-3.12.13-linux-x86_64-gnu/lib/python3.12/__pycache__/fnmatch.cpython-312.pyc", O_RDONLY|O_CLOEXEC) = 3</home/ecochran76/.local/share/uv/python/cpython-3.12.13-linux-x86_64-gnu/lib/python3.12/__pycache__/fnmatch.cpython-312.pyc>
44045 stat("/home/ecochran76/.local/share/fsearch/runtimes/10170cfe7848754bd5c68a49685d62ff17f2308e/bin", {st_mode=S_IFDIR|0700, st_size=4096, ...}) = 0
44045 stat("/home/ecochran76/.local/share/uv/python/cpython-3.12.13-linux-x86_64-gnu/lib/python3.12", {st_mode=S_IFDIR|0775, st_size=4096, ...}) = 0
44045 stat("/home/ecochran76/.local/share/uv/python/cpython-3.12.13-linux-x86_64-gnu/lib/python3.12/lib-dynload", {st_mode=S_IFDIR|0775, st_size=4096, ...}) = 0
44045 stat("/home/ecochran76/.local/lib/python3.12/site-packages", {st_mode=S_IFDIR|0775, st_size=4096, ...}) = 0
44045 stat("/home/ecochran76/.local/share/uv/python/cpython-3.12.13-linux-x86_64-gnu/lib/python3.12/site-packages", {st_mode=S_IFDIR|0775, st_size=4096, ...}) = 0
44045 stat("/home/ecochran76/.local/share/fsearch/runtimes/10170cfe7848754bd5c68a49685d62ff17f2308e/bin", {st_mode=S_IFDIR|0700, st_size=4096, ...}) = 0
44045 stat("/home/ecochran76/.local/share/uv/python/cpython-3.12.13-linux-x86_64-gnu/lib/python3.12", {st_mode=S_IFDIR|0775, st_size=4096, ...}) = 0
44045 stat("/home/ecochran76/.local/share/uv/python/cpython-3.12.13-linux-x86_64-gnu/lib/python3.12/lib-dynload", {st_mode=S_IFDIR|0775, st_size=4096, ...}) = 0
44045 stat("/home/ecochran76/.local/lib/python3.12/site-packages", {st_mode=S_IFDIR|0775, st_size=4096, ...}) = 0
44045 stat("/home/ecochran76/.local/share/uv/python/cpython-3.12.13-linux-x86_64-gnu/lib/python3.12/site-packages", {st_mode=S_IFDIR|0775, st_size=4096, ...}) = 0
44045 stat("/home/ecochran76/.local/share/fsearch/runtimes/10170cfe7848754bd5c68a49685d62ff17f2308e/bin", {st_mode=S_IFDIR|0700, st_size=4096, ...}) = 0
44045 stat("/home/ecochran76/.local/share/uv/python/cpython-3.12.13-linux-x86_64-gnu/lib/python3.12", {st_mode=S_IFDIR|0775, st_size=4096, ...}) = 0
44045 stat("/home/ecochran76/.local/share/uv/python/cpython-3.12.13-linux-x86_64-gnu/lib/python3.12/lib-dynload", {st_mode=S_IFDIR|0775, st_size=4096, ...}) = 0
44045 stat("/home/ecochran76/.local/lib/python3.12/site-packages", {st_mode=S_IFDIR|0775, st_size=4096, ...}) = 0
44045 stat("/home/ecochran76/.local/share/uv/python/cpython-3.12.13-linux-x86_64-gnu/lib/python3.12/site-packages", {st_mode=S_IFDIR|0775, st_size=4096, ...}) = 0
44045 stat("/home/ecochran76/.local/share/fsearch/runtimes/10170cfe7848754bd5c68a49685d62ff17f2308e/bin", {st_mode=S_IFDIR|0700, st_size=4096, ...}) = 0
44045 stat("/home/ecochran76/.local/share/uv/python/cpython-3.12.13-linux-x86_64-gnu/lib/python3.12", {st_mode=S_IFDIR|0775, st_size=4096, ...}) = 0
44045 stat("/home/ecochran76/.local/share/uv/python/cpython-3.12.13-linux-x86_64-gnu/lib/python3.12/lib-dynload", {st_mode=S_IFDIR|0775, st_size=4096, ...}) = 0
44045 stat("/home/ecochran76/.local/lib/python3.12/site-packages", {st_mode=S_IFDIR|0775, st_size=4096, ...}) = 0
44045 stat("/home/ecochran76/.local/share/uv/python/cpython-3.12.13-linux-x86_64-gnu/lib/python3.12/site-packages", {st_mode=S_IFDIR|0775, st_size=4096, ...}) = 0
44045 stat("/home/ecochran76/.local/share/fsearch/runtimes/10170cfe7848754bd5c68a49685d62ff17f2308e/bin", {st_mode=S_IFDIR|0700, st_size=4096, ...}) = 0
44045 stat("/home/ecochran76/.local/share/uv/python/cpython-3.12.13-linux-x86_64-gnu/lib/python3.12", {st_mode=S_IFDIR|0775, st_size=4096, ...}) = 0
44045 stat("/home/ecochran76/.local/share/uv/python/cpython-3.12.13-linux-x86_64-gnu/lib/python3.12/lib-dynload", {st_mode=S_IFDIR|0775, st_size=4096, ...}) = 0
44045 stat("/home/ecochran76/.local/lib/python3.12/site-packages", {st_mode=S_IFDIR|0775, st_size=4096, ...}) = 0
44045 stat("/home/ecochran76/.local/share/uv/python/cpython-3.12.13-linux-x86_64-gnu/lib/python3.12/site-packages", {st_mode=S_IFDIR|0775, st_size=4096, ...}) = 0
44045 stat("/home/ecochran76/.local/share/fsearch/runtimes/10170cfe7848754bd5c68a49685d62ff17f2308e/bin", {st_mode=S_IFDIR|0700, st_size=4096, ...}) = 0
44045 stat("/home/ecochran76/.local/share/uv/python/cpython-3.12.13-linux-x86_64-gnu/lib/python3.12", {st_mode=S_IFDIR|0775, st_size=4096, ...}) = 0
44045 stat("/home/ecochran76/.local/share/uv/python/cpython-3.12.13-linux-x86_64-gnu/lib/python3.12/lib-dynload", {st_mode=S_IFDIR|0775, st_size=4096, ...}) = 0
44045 stat("/home/ecochran76/.local/lib/python3.12/site-packages", {st_mode=S_IFDIR|0775, st_size=4096, ...}) = 0
44045 stat("/home/ecochran76/.local/share/uv/python/cpython-3.12.13-linux-x86_64-gnu/lib/python3.12/site-packages", {st_mode=S_IFDIR|0775, st_size=4096, ...}) = 0
44045 stat("/home/ecochran76/.local/share/fsearch/runtimes/10170cfe7848754bd5c68a49685d62ff17f2308e/bin", {st_mode=S_IFDIR|0700, st_size=4096, ...}) = 0
44045 stat("/home/ecochran76/.local/share/uv/python/cpython-3.12.13-linux-x86_64-gnu/lib/python3.12", {st_mode=S_IFDIR|0775, st_size=4096, ...}) = 0
44045 stat("/home/ecochran76/.local/share/uv/python/cpython-3.12.13-linux-x86_64-gnu/lib/python3.12/lib-dynload", {st_mode=S_IFDIR|0775, st_size=4096, ...}) = 0
44045 stat("/home/ecochran76/.local/lib/python3.12/site-packages", {st_mode=S_IFDIR|0775, st_size=4096, ...}) = 0
44045 stat("/home/ecochran76/.local/share/uv/python/cpython-3.12.13-linux-x86_64-gnu/lib/python3.12/site-packages", {st_mode=S_IFDIR|0775, st_size=4096, ...}) = 0
44045 stat("/home/ecochran76/.local/share/fsearch/runtimes/10170cfe7848754bd5c68a49685d62ff17f2308e/bin", {st_mode=S_IFDIR|0700, st_size=4096, ...}) = 0
44045 stat("/home/ecochran76/.local/share/uv/python/cpython-3.12.13-linux-x86_64-gnu/lib/python3.12", {st_mode=S_IFDIR|0775, st_size=4096, ...}) = 0
44045 stat("/home/ecochran76/.local/share/uv/python/cpython-3.12.13-linux-x86_64-gnu/lib/python3.12/urllib/__init__.cpython-312-x86_64-linux-gnu.so", 0x7ffe9dbc6808) = -1 ENOENT (No such file or directory)
44045 stat("/home/ecochran76/.local/share/uv/python/cpython-3.12.13-linux-x86_64-gnu/lib/python3.12/urllib/__init__.abi3.so", 0x7ffe9dbc6808) = -1 ENOENT (No such file or directory)
44045 stat("/home/ecochran76/.local/share/uv/python/cpython-3.12.13-linux-x86_64-gnu/lib/python3.12/urllib/__init__.so", 0x7ffe9dbc6808) = -1 ENOENT (No such file or directory)
44045 stat("/home/ecochran76/.local/share/uv/python/cpython-3.12.13-linux-x86_64-gnu/lib/python3.12/urllib/__init__.py", {st_mode=S_IFREG|0664, st_size=0, ...}) = 0
44045 stat("/home/ecochran76/.local/share/uv/python/cpython-3.12.13-linux-x86_64-gnu/lib/python3.12/urllib/__init__.py", {st_mode=S_IFREG|0664, st_size=0, ...}) = 0
44045 openat(AT_FDCWD</home/ecochran76/workspace.local/fsearch>, "/home/ecochran76/.local/share/uv/python/cpython-3.12.13-linux-x86_64-gnu/lib/python3.12/urllib/__pycache__/__init__.cpython-312.pyc", O_RDONLY|O_CLOEXEC) = 3</home/ecochran76/.local/share/uv/python/cpython-3.12.13-linux-x86_64-gnu/lib/python3.12/urllib/__pycache__/__init__.cpython-312.pyc>
44045 stat("/home/ecochran76/.local/share/uv/python/cpython-3.12.13-linux-x86_64-gnu/lib/python3.12/urllib", {st_mode=S_IFDIR|0775, st_size=4096, ...}) = 0
44045 stat("/home/ecochran76/.local/share/uv/python/cpython-3.12.13-linux-x86_64-gnu/lib/python3.12/urllib", {st_mode=S_IFDIR|0775, st_size=4096, ...}) = 0
44045 stat("/home/ecochran76/.local/share/uv/python/cpython-3.12.13-linux-x86_64-gnu/lib/python3.12/urllib", {st_mode=S_IFDIR|0775, st_size=4096, ...}) = 0
44045 openat(AT_FDCWD</home/ecochran76/workspace.local/fsearch>, "/home/ecochran76/.local/share/uv/python/cpython-3.12.13-linux-x86_64-gnu/lib/python3.12/urllib", O_RDONLY|O_NONBLOCK|O_CLOEXEC|O_DIRECTORY) = 3</home/ecochran76/.local/share/uv/python/cpython-3.12.13-linux-x86_64-gnu/lib/python3.12/urllib>
44045 getdents64(3</home/ecochran76/.local/share/uv/python/cpython-3.12.13-linux-x86_64-gnu/lib/python3.12/urllib>, 0x34d5dcb0 /* 9 entries */, 32768) = 280
44045 getdents64(3</home/ecochran76/.local/share/uv/python/cpython-3.12.13-linux-x86_64-gnu/lib/python3.12/urllib>, 0x34d5dcb0 /* 0 entries */, 32768) = 0
44045 stat("/home/ecochran76/.local/share/uv/python/cpython-3.12.13-linux-x86_64-gnu/lib/python3.12/urllib/parse.py", {st_mode=S_IFREG|0664, st_size=45676, ...}) = 0
44045 stat("/home/ecochran76/.local/share/uv/python/cpython-3.12.13-linux-x86_64-gnu/lib/python3.12/urllib/parse.py", {st_mode=S_IFREG|0664, st_size=45676, ...}) = 0
44045 openat(AT_FDCWD</home/ecochran76/workspace.local/fsearch>, "/home/ecochran76/.local/share/uv/python/cpython-3.12.13-linux-x86_64-gnu/lib/python3.12/urllib/__pycache__/parse.cpython-312.pyc", O_RDONLY|O_CLOEXEC) = 3</home/ecochran76/.local/share/uv/python/cpython-3.12.13-linux-x86_64-gnu/lib/python3.12/urllib/__pycache__/parse.cpython-312.pyc>
44045 stat("/home/ecochran76/.local/share/fsearch/runtimes/10170cfe7848754bd5c68a49685d62ff17f2308e/bin", {st_mode=S_IFDIR|0700, st_size=4096, ...}) = 0
44045 stat("/home/ecochran76/.local/share/uv/python/cpython-3.12.13-linux-x86_64-gnu/lib/python3.12", {st_mode=S_IFDIR|0775, st_size=4096, ...}) = 0
44045 stat("/home/ecochran76/.local/share/uv/python/cpython-3.12.13-linux-x86_64-gnu/lib/python3.12/ipaddress.py", {st_mode=S_IFREG|0664, st_size=81414, ...}) = 0
44045 stat("/home/ecochran76/.local/share/uv/python/cpython-3.12.13-linux-x86_64-gnu/lib/python3.12/ipaddress.py", {st_mode=S_IFREG|0664, st_size=81414, ...}) = 0
44045 openat(AT_FDCWD</home/ecochran76/workspace.local/fsearch>, "/home/ecochran76/.local/share/uv/python/cpython-3.12.13-linux-x86_64-gnu/lib/python3.12/__pycache__/ipaddress.cpython-312.pyc", O_RDONLY|O_CLOEXEC) = 3</home/ecochran76/.local/share/uv/python/cpython-3.12.13-linux-x86_64-gnu/lib/python3.12/__pycache__/ipaddress.cpython-312.pyc>
44045 stat("/home/ecochran76/.local/share/fsearch/runtimes/10170cfe7848754bd5c68a49685d62ff17f2308e/bin", {st_mode=S_IFDIR|0700, st_size=4096, ...}) = 0
44045 stat("/home/ecochran76/.local/share/uv/python/cpython-3.12.13-linux-x86_64-gnu/lib/python3.12", {st_mode=S_IFDIR|0775, st_size=4096, ...}) = 0
44045 stat("/home/ecochran76/.local/share/uv/python/cpython-3.12.13-linux-x86_64-gnu/lib/python3.12/selectors.py", {st_mode=S_IFREG|0664, st_size=19671, ...}) = 0
44045 stat("/home/ecochran76/.local/share/uv/python/cpython-3.12.13-linux-x86_64-gnu/lib/python3.12/selectors.py", {st_mode=S_IFREG|0664, st_size=19671, ...}) = 0
44045 openat(AT_FDCWD</home/ecochran76/workspace.local/fsearch>, "/home/ecochran76/.local/share/uv/python/cpython-3.12.13-linux-x86_64-gnu/lib/python3.12/__pycache__/selectors.cpython-312.pyc", O_RDONLY|O_CLOEXEC) = 3</home/ecochran76/.local/share/uv/python/cpython-3.12.13-linux-x86_64-gnu/lib/python3.12/__pycache__/selectors.cpython-312.pyc>
44045 stat("/home/ecochran76/.local/share/uv/python/cpython-3.12.13-linux-x86_64-gnu/lib/python3.12/collections", {st_mode=S_IFDIR|0775, st_size=4096, ...}) = 0
44045 stat("/home/ecochran76/.local/share/uv/python/cpython-3.12.13-linux-x86_64-gnu/lib/python3.12/collections", {st_mode=S_IFDIR|0775, st_size=4096, ...}) = 0
44045 stat("/home/ecochran76/.local/share/uv/python/cpython-3.12.13-linux-x86_64-gnu/lib/python3.12/collections", {st_mode=S_IFDIR|0775, st_size=4096, ...}) = 0
44045 openat(AT_FDCWD</home/ecochran76/workspace.local/fsearch>, "/home/ecochran76/.local/share/uv/python/cpython-3.12.13-linux-x86_64-gnu/lib/python3.12/collections", O_RDONLY|O_NONBLOCK|O_CLOEXEC|O_DIRECTORY) = 3</home/ecochran76/.local/share/uv/python/cpython-3.12.13-linux-x86_64-gnu/lib/python3.12/collections>
44045 getdents64(3</home/ecochran76/.local/share/uv/python/cpython-3.12.13-linux-x86_64-gnu/lib/python3.12/collections>, 0x34d82770 /* 5 entries */, 32768) = 144
44045 getdents64(3</home/ecochran76/.local/share/uv/python/cpython-3.12.13-linux-x86_64-gnu/lib/python3.12/collections>, 0x34d82770 /* 0 entries */, 32768) = 0
44045 stat("/home/ecochran76/.local/share/uv/python/cpython-3.12.13-linux-x86_64-gnu/lib/python3.12/collections/abc.py", {st_mode=S_IFREG|0664, st_size=119, ...}) = 0
44045 stat("/home/ecochran76/.local/share/uv/python/cpython-3.12.13-linux-x86_64-gnu/lib/python3.12/collections/abc.py", {st_mode=S_IFREG|0664, st_size=119, ...}) = 0
44045 openat(AT_FDCWD</home/ecochran76/workspace.local/fsearch>, "/home/ecochran76/.local/share/uv/python/cpython-3.12.13-linux-x86_64-gnu/lib/python3.12/collections/__pycache__/abc.cpython-312.pyc", O_RDONLY|O_CLOEXEC) = 3</home/ecochran76/.local/share/uv/python/cpython-3.12.13-linux-x86_64-gnu/lib/python3.12/collections/__pycache__/abc.cpython-312.pyc>
44045 stat("/home/ecochran76/.local/share/fsearch/runtimes/10170cfe7848754bd5c68a49685d62ff17f2308e/bin", {st_mode=S_IFDIR|0700, st_size=4096, ...}) = 0
44045 stat("/home/ecochran76/.local/share/uv/python/cpython-3.12.13-linux-x86_64-gnu/lib/python3.12", {st_mode=S_IFDIR|0775, st_size=4096, ...}) = 0
44045 stat("/home/ecochran76/.local/share/uv/python/cpython-3.12.13-linux-x86_64-gnu/lib/python3.12/signal.py", {st_mode=S_IFREG|0664, st_size=2495, ...}) = 0
44045 stat("/home/ecochran76/.local/share/uv/python/cpython-3.12.13-linux-x86_64-gnu/lib/python3.12/signal.py", {st_mode=S_IFREG|0664, st_size=2495, ...}) = 0
44045 openat(AT_FDCWD</home/ecochran76/workspace.local/fsearch>, "/home/ecochran76/.local/share/uv/python/cpython-3.12.13-linux-x86_64-gnu/lib/python3.12/__pycache__/signal.cpython-312.pyc", O_RDONLY|O_CLOEXEC) = 3</home/ecochran76/.local/share/uv/python/cpython-3.12.13-linux-x86_64-gnu/lib/python3.12/__pycache__/signal.cpython-312.pyc>
44045 stat("/home/ecochran76/.local/share/fsearch/runtimes/10170cfe7848754bd5c68a49685d62ff17f2308e/bin", {st_mode=S_IFDIR|0700, st_size=4096, ...}) = 0
44045 stat("/home/ecochran76/.local/share/uv/python/cpython-3.12.13-linux-x86_64-gnu/lib/python3.12", {st_mode=S_IFDIR|0775, st_size=4096, ...}) = 0
44045 stat("/home/ecochran76/.local/share/uv/python/cpython-3.12.13-linux-x86_64-gnu/lib/python3.12/socket.py", {st_mode=S_IFREG|0664, st_size=37815, ...}) = 0
44045 stat("/home/ecochran76/.local/share/uv/python/cpython-3.12.13-linux-x86_64-gnu/lib/python3.12/socket.py", {st_mode=S_IFREG|0664, st_size=37815, ...}) = 0
44045 openat(AT_FDCWD</home/ecochran76/workspace.local/fsearch>, "/home/ecochran76/.local/share/uv/python/cpython-3.12.13-linux-x86_64-gnu/lib/python3.12/__pycache__/socket.cpython-312.pyc", O_RDONLY|O_CLOEXEC) = 3</home/ecochran76/.local/share/uv/python/cpython-3.12.13-linux-x86_64-gnu/lib/python3.12/__pycache__/socket.cpython-312.pyc>
44045 stat("/home/ecochran76/.local/share/fsearch/runtimes/10170cfe7848754bd5c68a49685d62ff17f2308e/bin", {st_mode=S_IFDIR|0700, st_size=4096, ...}) = 0
44045 stat("/home/ecochran76/.local/share/uv/python/cpython-3.12.13-linux-x86_64-gnu/lib/python3.12", {st_mode=S_IFDIR|0775, st_size=4096, ...}) = 0
44045 stat("/home/ecochran76/.local/share/uv/python/cpython-3.12.13-linux-x86_64-gnu/lib/python3.12/subprocess.py", {st_mode=S_IFREG|0664, st_size=88747, ...}) = 0
44045 stat("/home/ecochran76/.local/share/uv/python/cpython-3.12.13-linux-x86_64-gnu/lib/python3.12/subprocess.py", {st_mode=S_IFREG|0664, st_size=88747, ...}) = 0
44045 openat(AT_FDCWD</home/ecochran76/workspace.local/fsearch>, "/home/ecochran76/.local/share/uv/python/cpython-3.12.13-linux-x86_64-gnu/lib/python3.12/__pycache__/subprocess.cpython-312.pyc", O_RDONLY|O_CLOEXEC) = 3</home/ecochran76/.local/share/uv/python/cpython-3.12.13-linux-x86_64-gnu/lib/python3.12/__pycache__/subprocess.cpython-312.pyc>
44045 stat("/home/ecochran76/.local/share/fsearch/runtimes/10170cfe7848754bd5c68a49685d62ff17f2308e/bin", {st_mode=S_IFDIR|0700, st_size=4096, ...}) = 0
44045 stat("/home/ecochran76/.local/share/uv/python/cpython-3.12.13-linux-x86_64-gnu/lib/python3.12", {st_mode=S_IFDIR|0775, st_size=4096, ...}) = 0
44045 stat("/home/ecochran76/.local/share/uv/python/cpython-3.12.13-linux-x86_64-gnu/lib/python3.12/locale.py", {st_mode=S_IFREG|0664, st_size=78599, ...}) = 0
44045 stat("/home/ecochran76/.local/share/uv/python/cpython-3.12.13-linux-x86_64-gnu/lib/python3.12/locale.py", {st_mode=S_IFREG|0664, st_size=78599, ...}) = 0
44045 openat(AT_FDCWD</home/ecochran76/workspace.local/fsearch>, "/home/ecochran76/.local/share/uv/python/cpython-3.12.13-linux-x86_64-gnu/lib/python3.12/__pycache__/locale.cpython-312.pyc", O_RDONLY|O_CLOEXEC) = 3</home/ecochran76/.local/share/uv/python/cpython-3.12.13-linux-x86_64-gnu/lib/python3.12/__pycache__/locale.cpython-312.pyc>
44045 stat("/home/ecochran76/.local/share/fsearch/runtimes/10170cfe7848754bd5c68a49685d62ff17f2308e/bin", {st_mode=S_IFDIR|0700, st_size=4096, ...}) = 0
44045 stat("/home/ecochran76/.local/share/uv/python/cpython-3.12.13-linux-x86_64-gnu/lib/python3.12", {st_mode=S_IFDIR|0775, st_size=4096, ...}) = 0
44045 stat("/home/ecochran76/.local/share/uv/python/cpython-3.12.13-linux-x86_64-gnu/lib/python3.12/threading.py", {st_mode=S_IFREG|0664, st_size=60200, ...}) = 0
44045 stat("/home/ecochran76/.local/share/uv/python/cpython-3.12.13-linux-x86_64-gnu/lib/python3.12/threading.py", {st_mode=S_IFREG|0664, st_size=60200, ...}) = 0
44045 openat(AT_FDCWD</home/ecochran76/workspace.local/fsearch>, "/home/ecochran76/.local/share/uv/python/cpython-3.12.13-linux-x86_64-gnu/lib/python3.12/__pycache__/threading.cpython-312.pyc", O_RDONLY|O_CLOEXEC) = 3</home/ecochran76/.local/share/uv/python/cpython-3.12.13-linux-x86_64-gnu/lib/python3.12/__pycache__/threading.cpython-312.pyc>
44045 stat("/home/ecochran76/.local/share/fsearch/runtimes/10170cfe7848754bd5c68a49685d62ff17f2308e/bin", {st_mode=S_IFDIR|0700, st_size=4096, ...}) = 0
44045 stat("/home/ecochran76/.local/share/uv/python/cpython-3.12.13-linux-x86_64-gnu/lib/python3.12", {st_mode=S_IFDIR|0775, st_size=4096, ...}) = 0
44045 stat("/home/ecochran76/.local/share/uv/python/cpython-3.12.13-linux-x86_64-gnu/lib/python3.12/_weakrefset.py", {st_mode=S_IFREG|0664, st_size=5893, ...}) = 0
44045 stat("/home/ecochran76/.local/share/uv/python/cpython-3.12.13-linux-x86_64-gnu/lib/python3.12/_weakrefset.py", {st_mode=S_IFREG|0664, st_size=5893, ...}) = 0
44045 openat(AT_FDCWD</home/ecochran76/workspace.local/fsearch>, "/home/ecochran76/.local/share/uv/python/cpython-3.12.13-linux-x86_64-gnu/lib/python3.12/__pycache__/_weakrefset.cpython-312.pyc", O_RDONLY|O_CLOEXEC) = 3</home/ecochran76/.local/share/uv/python/cpython-3.12.13-linux-x86_64-gnu/lib/python3.12/__pycache__/_weakrefset.cpython-312.pyc>
44045 stat("/home/ecochran76/.local/share/fsearch/runtimes/10170cfe7848754bd5c68a49685d62ff17f2308e/bin", {st_mode=S_IFDIR|0700, st_size=4096, ...}) = 0
44045 stat("/home/ecochran76/.local/share/uv/python/cpython-3.12.13-linux-x86_64-gnu/lib/python3.12", {st_mode=S_IFDIR|0775, st_size=4096, ...}) = 0
44045 stat("/home/ecochran76/.local/share/uv/python/cpython-3.12.13-linux-x86_64-gnu/lib/python3.12/contextlib.py", {st_mode=S_IFREG|0664, st_size=27637, ...}) = 0
44045 stat("/home/ecochran76/.local/share/uv/python/cpython-3.12.13-linux-x86_64-gnu/lib/python3.12/contextlib.py", {st_mode=S_IFREG|0664, st_size=27637, ...}) = 0
44045 openat(AT_FDCWD</home/ecochran76/workspace.local/fsearch>, "/home/ecochran76/.local/share/uv/python/cpython-3.12.13-linux-x86_64-gnu/lib/python3.12/__pycache__/contextlib.cpython-312.pyc", O_RDONLY|O_CLOEXEC) = 3</home/ecochran76/.local/share/uv/python/cpython-3.12.13-linux-x86_64-gnu/lib/python3.12/__pycache__/contextlib.cpython-312.pyc>
44045 stat("/home/ecochran76/.local/share/fsearch/runtimes/10170cfe7848754bd5c68a49685d62ff17f2308e/bin", {st_mode=S_IFDIR|0700, st_size=4096, ...}) = 0
44045 stat("/home/ecochran76/.local/share/uv/python/cpython-3.12.13-linux-x86_64-gnu/lib/python3.12", {st_mode=S_IFDIR|0775, st_size=4096, ...}) = 0
44045 stat("/home/ecochran76/.local/share/uv/python/cpython-3.12.13-linux-x86_64-gnu/lib/python3.12/lib-dynload", {st_mode=S_IFDIR|0775, st_size=4096, ...}) = 0
44045 stat("/home/ecochran76/.local/lib/python3.12/site-packages", {st_mode=S_IFDIR|0775, st_size=4096, ...}) = 0
44045 stat("/home/ecochran76/.local/share/uv/python/cpython-3.12.13-linux-x86_64-gnu/lib/python3.12/site-packages", {st_mode=S_IFDIR|0775, st_size=4096, ...}) = 0
44045 stat("/home/ecochran76/.local/share/fsearch/runtimes/10170cfe7848754bd5c68a49685d62ff17f2308e/bin", {st_mode=S_IFDIR|0700, st_size=4096, ...}) = 0
44045 stat("/home/ecochran76/.local/share/uv/python/cpython-3.12.13-linux-x86_64-gnu/lib/python3.12", {st_mode=S_IFDIR|0775, st_size=4096, ...}) = 0
44045 stat("/home/ecochran76/.local/share/uv/python/cpython-3.12.13-linux-x86_64-gnu/lib/python3.12/uuid.py", {st_mode=S_IFREG|0664, st_size=29656, ...}) = 0
44045 stat("/home/ecochran76/.local/share/uv/python/cpython-3.12.13-linux-x86_64-gnu/lib/python3.12/uuid.py", {st_mode=S_IFREG|0664, st_size=29656, ...}) = 0
44045 openat(AT_FDCWD</home/ecochran76/workspace.local/fsearch>, "/home/ecochran76/.local/share/uv/python/cpython-3.12.13-linux-x86_64-gnu/lib/python3.12/__pycache__/uuid.cpython-312.pyc", O_RDONLY|O_CLOEXEC) = 3</home/ecochran76/.local/share/uv/python/cpython-3.12.13-linux-x86_64-gnu/lib/python3.12/__pycache__/uuid.cpython-312.pyc>
44045 stat("/home/ecochran76/.local/share/fsearch/runtimes/10170cfe7848754bd5c68a49685d62ff17f2308e/bin", {st_mode=S_IFDIR|0700, st_size=4096, ...}) = 0
44045 stat("/home/ecochran76/.local/share/uv/python/cpython-3.12.13-linux-x86_64-gnu/lib/python3.12", {st_mode=S_IFDIR|0775, st_size=4096, ...}) = 0
44045 stat("/home/ecochran76/.local/share/uv/python/cpython-3.12.13-linux-x86_64-gnu/lib/python3.12/platform.py", {st_mode=S_IFREG|0775, st_size=43388, ...}) = 0
44045 stat("/home/ecochran76/.local/share/uv/python/cpython-3.12.13-linux-x86_64-gnu/lib/python3.12/platform.py", {st_mode=S_IFREG|0775, st_size=43388, ...}) = 0
44045 openat(AT_FDCWD</home/ecochran76/workspace.local/fsearch>, "/home/ecochran76/.local/share/uv/python/cpython-3.12.13-linux-x86_64-gnu/lib/python3.12/__pycache__/platform.cpython-312.pyc", O_RDONLY|O_CLOEXEC) = 3</home/ecochran76/.local/share/uv/python/cpython-3.12.13-linux-x86_64-gnu/lib/python3.12/__pycache__/platform.cpython-312.pyc>
44045 stat("/home/ecochran76/.local/share/fsearch/runtimes/10170cfe7848754bd5c68a49685d62ff17f2308e/bin", {st_mode=S_IFDIR|0700, st_size=4096, ...}) = 0
44045 stat("/home/ecochran76/.local/share/uv/python/cpython-3.12.13-linux-x86_64-gnu/lib/python3.12", {st_mode=S_IFDIR|0775, st_size=4096, ...}) = 0
44045 stat("/home/ecochran76/.local/share/uv/python/cpython-3.12.13-linux-x86_64-gnu/lib/python3.12/lib-dynload", {st_mode=S_IFDIR|0775, st_size=4096, ...}) = 0
44045 stat("/home/ecochran76/.local/lib/python3.12/site-packages", {st_mode=S_IFDIR|0775, st_size=4096, ...}) = 0
44045 stat("/home/ecochran76/.local/share/uv/python/cpython-3.12.13-linux-x86_64-gnu/lib/python3.12/site-packages", {st_mode=S_IFDIR|0775, st_size=4096, ...}) = 0
44045 stat("/home/ecochran76/.local/share/uv/python/cpython-3.12.13-linux-x86_64-gnu/share/locale/C.UTF-8/LC_MESSAGES/messages.mo", 0x7ffe9dbc76b8) = -1 ENOENT (No such file or directory)
44045 stat("/home/ecochran76/.local/share/uv/python/cpython-3.12.13-linux-x86_64-gnu/share/locale/C.UTF-8/LC_MESSAGES/messages.mo", 0x7ffe9dbc76f8) = -1 ENOENT (No such file or directory)
44045 stat("/home/ecochran76/.local/share/uv/python/cpython-3.12.13-linux-x86_64-gnu/share/locale/C.UTF-8/LC_MESSAGES/messages.mo", 0x7ffe9dbc76f8) = -1 ENOENT (No such file or directory)
44045 stat("/home/ecochran76/.local/share/fsearch/runtimes/10170cfe7848754bd5c68a49685d62ff17f2308e/bin", {st_mode=S_IFDIR|0700, st_size=4096, ...}) = 0
44045 stat("/home/ecochran76/.local/share/uv/python/cpython-3.12.13-linux-x86_64-gnu/lib/python3.12", {st_mode=S_IFDIR|0775, st_size=4096, ...}) = 0
44045 stat("/home/ecochran76/.local/share/uv/python/cpython-3.12.13-linux-x86_64-gnu/lib/python3.12/shutil.py", {st_mode=S_IFREG|0664, st_size=56762, ...}) = 0
44045 stat("/home/ecochran76/.local/share/uv/python/cpython-3.12.13-linux-x86_64-gnu/lib/python3.12/shutil.py", {st_mode=S_IFREG|0664, st_size=56762, ...}) = 0
44045 openat(AT_FDCWD</home/ecochran76/workspace.local/fsearch>, "/home/ecochran76/.local/share/uv/python/cpython-3.12.13-linux-x86_64-gnu/lib/python3.12/__pycache__/shutil.cpython-312.pyc", O_RDONLY|O_CLOEXEC) = 3</home/ecochran76/.local/share/uv/python/cpython-3.12.13-linux-x86_64-gnu/lib/python3.12/__pycache__/shutil.cpython-312.pyc>
44045 stat("/home/ecochran76/.local/share/fsearch/runtimes/10170cfe7848754bd5c68a49685d62ff17f2308e/bin", {st_mode=S_IFDIR|0700, st_size=4096, ...}) = 0
44045 stat("/home/ecochran76/.local/share/uv/python/cpython-3.12.13-linux-x86_64-gnu/lib/python3.12", {st_mode=S_IFDIR|0775, st_size=4096, ...}) = 0
44045 stat("/home/ecochran76/.local/share/uv/python/cpython-3.12.13-linux-x86_64-gnu/lib/python3.12/bz2.py", {st_mode=S_IFREG|0664, st_size=11847, ...}) = 0
44045 stat("/home/ecochran76/.local/share/uv/python/cpython-3.12.13-linux-x86_64-gnu/lib/python3.12/bz2.py", {st_mode=S_IFREG|0664, st_size=11847, ...}) = 0
44045 openat(AT_FDCWD</home/ecochran76/workspace.local/fsearch>, "/home/ecochran76/.local/share/uv/python/cpython-3.12.13-linux-x86_64-gnu/lib/python3.12/__pycache__/bz2.cpython-312.pyc", O_RDONLY|O_CLOEXEC) = 3</home/ecochran76/.local/share/uv/python/cpython-3.12.13-linux-x86_64-gnu/lib/python3.12/__pycache__/bz2.cpython-312.pyc>
44045 stat("/home/ecochran76/.local/share/fsearch/runtimes/10170cfe7848754bd5c68a49685d62ff17f2308e/bin", {st_mode=S_IFDIR|0700, st_size=4096, ...}) = 0
44045 stat("/home/ecochran76/.local/share/uv/python/cpython-3.12.13-linux-x86_64-gnu/lib/python3.12", {st_mode=S_IFDIR|0775, st_size=4096, ...}) = 0
44045 stat("/home/ecochran76/.local/share/uv/python/cpython-3.12.13-linux-x86_64-gnu/lib/python3.12/_compression.py", {st_mode=S_IFREG|0664, st_size=5681, ...}) = 0
44045 stat("/home/ecochran76/.local/share/uv/python/cpython-3.12.13-linux-x86_64-gnu/lib/python3.12/_compression.py", {st_mode=S_IFREG|0664, st_size=5681, ...}) = 0
44045 openat(AT_FDCWD</home/ecochran76/workspace.local/fsearch>, "/home/ecochran76/.local/share/uv/python/cpython-3.12.13-linux-x86_64-gnu/lib/python3.12/__pycache__/_compression.cpython-312.pyc", O_RDONLY|O_CLOEXEC) = 3</home/ecochran76/.local/share/uv/python/cpython-3.12.13-linux-x86_64-gnu/lib/python3.12/__pycache__/_compression.cpython-312.pyc>
44045 stat("/home/ecochran76/.local/share/fsearch/runtimes/10170cfe7848754bd5c68a49685d62ff17f2308e/bin", {st_mode=S_IFDIR|0700, st_size=4096, ...}) = 0
44045 stat("/home/ecochran76/.local/share/uv/python/cpython-3.12.13-linux-x86_64-gnu/lib/python3.12", {st_mode=S_IFDIR|0775, st_size=4096, ...}) = 0
44045 stat("/home/ecochran76/.local/share/uv/python/cpython-3.12.13-linux-x86_64-gnu/lib/python3.12/lzma.py", {st_mode=S_IFREG|0664, st_size=13277, ...}) = 0
44045 stat("/home/ecochran76/.local/share/uv/python/cpython-3.12.13-linux-x86_64-gnu/lib/python3.12/lzma.py", {st_mode=S_IFREG|0664, st_size=13277, ...}) = 0
44045 openat(AT_FDCWD</home/ecochran76/workspace.local/fsearch>, "/home/ecochran76/.local/share/uv/python/cpython-3.12.13-linux-x86_64-gnu/lib/python3.12/__pycache__/lzma.cpython-312.pyc", O_RDONLY|O_CLOEXEC) = 3</home/ecochran76/.local/share/uv/python/cpython-3.12.13-linux-x86_64-gnu/lib/python3.12/__pycache__/lzma.cpython-312.pyc>
44045 openat(AT_FDCWD</home/ecochran76/workspace.local/fsearch>, "/tmp/fsearch-monitor-query-owned-a3ld4i3s", O_RDONLY|O_NOFOLLOW|O_CLOEXEC|O_DIRECTORY) = 3</tmp/fsearch-monitor-query-owned-a3ld4i3s>
44045 openat(3</tmp/fsearch-monitor-query-owned-a3ld4i3s>, "query.sock.lock", O_RDWR|O_CREAT|O_NONBLOCK|O_NOFOLLOW|O_CLOEXEC, 0600) = 4</tmp/fsearch-monitor-query-owned-a3ld4i3s/query.sock.lock>
44045 openat(3</tmp/fsearch-monitor-query-owned-a3ld4i3s>, "query.sock.state", O_RDONLY|O_NONBLOCK|O_NOFOLLOW|O_CLOEXEC) = -1 ENOENT (No such file or directory)
44045 openat(3</tmp/fsearch-monitor-query-owned-a3ld4i3s>, "query.sock.state", O_RDONLY|O_NONBLOCK|O_NOFOLLOW|O_CLOEXEC) = -1 ENOENT (No such file or directory)
44045 openat(AT_FDCWD</home/ecochran76/workspace.local/fsearch>, "/proc/44045/stat", O_RDONLY|O_CLOEXEC) = 6</proc/44045/stat>
44045 openat(AT_FDCWD</home/ecochran76/workspace.local/fsearch>, "/proc/sys/kernel/random/boot_id", O_RDONLY|O_CLOEXEC) = 6</proc/sys/kernel/random/boot_id>
44045 openat(AT_FDCWD</home/ecochran76/workspace.local/fsearch>, "/dev/urandom", O_RDONLY|O_CLOEXEC) = 6</dev/urandom<char 1:9>>
44045 openat(3</tmp/fsearch-monitor-query-owned-a3ld4i3s>, "query.sock.state.b5a308a03d374fd78af6ed9d815fc09d", O_WRONLY|O_CREAT|O_EXCL|O_NONBLOCK|O_NOFOLLOW|O_CLOEXEC, 0600) = 7</tmp/fsearch-monitor-query-owned-a3ld4i3s/query.sock.state.b5a308a03d374fd78af6ed9d815fc09d>
44045 renameat(3</tmp/fsearch-monitor-query-owned-a3ld4i3s>, "query.sock.state.b5a308a03d374fd78af6ed9d815fc09d", 3</tmp/fsearch-monitor-query-owned-a3ld4i3s>, "query.sock.state") = 0
44045 unlinkat(3</tmp/fsearch-monitor-query-owned-a3ld4i3s>, "query.sock.state.b5a308a03d374fd78af6ed9d815fc09d", 0) = -1 ENOENT (No such file or directory)
44045 newfstatat(3</tmp/fsearch-monitor-query-owned-a3ld4i3s>, "query.sock", 0x7ffe9dbc76b8, AT_SYMLINK_NOFOLLOW) = -1 ENOENT (No such file or directory)
44045 newfstatat(3</tmp/fsearch-monitor-query-owned-a3ld4i3s>, "query.sock", {st_mode=S_IFSOCK|0700, st_size=0, ...}, AT_SYMLINK_NOFOLLOW) = 0
44045 lstat("/home", {st_mode=S_IFDIR|0755, st_size=4096, ...}) = 0
44045 lstat("/home/ecochran76", {st_mode=S_IFDIR|0750, st_size=12288, ...}) = 0
44045 lstat("/home/ecochran76/.local", {st_mode=S_IFDIR|0755, st_size=4096, ...}) = 0
44045 lstat("/home/ecochran76/.local/share", {st_mode=S_IFDIR|0755, st_size=4096, ...}) = 0
44045 lstat("/home/ecochran76/.local/share/fsearch", {st_mode=S_IFDIR|0700, st_size=4096, ...}) = 0
44045 lstat("/home/ecochran76/.local/share/fsearch/runtimes", {st_mode=S_IFDIR|0700, st_size=4096, ...}) = 0
44045 lstat("/home/ecochran76/.local/share/fsearch/runtimes/10170cfe7848754bd5c68a49685d62ff17f2308e", {st_mode=S_IFDIR|0700, st_size=4096, ...}) = 0
44045 lstat("/home/ecochran76/.local/share/fsearch/runtimes/10170cfe7848754bd5c68a49685d62ff17f2308e/bin", {st_mode=S_IFDIR|0700, st_size=4096, ...}) = 0
44045 lstat("/home/ecochran76/.local/share/fsearch/runtimes/10170cfe7848754bd5c68a49685d62ff17f2308e/bin/fsearch-service", {st_mode=S_IFREG|0755, st_size=32186, ...}) = 0
44045 stat("/home/ecochran76/.local/share/fsearch/runtimes/10170cfe7848754bd5c68a49685d62ff17f2308e/bin/fsearch-service", {st_mode=S_IFREG|0755, st_size=32186, ...}) = 0
44045 openat(AT_FDCWD</home/ecochran76/workspace.local/fsearch>, "/dev/null", O_RDWR|O_CLOEXEC) = 13</dev/null<char 1:3>>
44171 openat(AT_FDCWD</home/ecochran76/workspace.local/fsearch>, "/proc/self/fd", O_RDONLY|O_CLOEXEC) = 10</proc/44171/fd>
44171 getdents64(10</proc/44171/fd>, 0x7ffe9dbc7340 /* 11 entries */, 280) = 264
44171 getdents64(10</proc/44171/fd>, 0x7ffe9dbc7340 /* 5 entries */, 280) = 120
44171 getdents64(10</proc/44171/fd>, 0x7ffe9dbc7340 /* 0 entries */, 280) = 0
44171 execve("/home/ecochran76/.local/share/fsearch/runtimes/10170cfe7848754bd5c68a49685d62ff17f2308e/bin/fsearch-worker", ["/home/ecochran76/.local/share/fs"..., "/tmp/fsearch-monitor-query-owned"..., "44045"], 0x7ffe9dbc84f8 /* 258 vars */) = 0
44045 openat(AT_FDCWD</home/ecochran76/workspace.local/fsearch>, "/proc/44171/stat", O_RDONLY|O_CLOEXEC) = 9</proc/44171/stat>
44171 access("/etc/ld.so.preload", R_OK) = -1 ENOENT (No such file or directory)
44171 openat(AT_FDCWD</home/ecochran76/workspace.local/fsearch>, "/etc/ld.so.cache", O_RDONLY|O_CLOEXEC) = 3</etc/ld.so.cache>
44171 openat(AT_FDCWD</home/ecochran76/workspace.local/fsearch>, "/lib/x86_64-linux-gnu/libm.so.6", O_RDONLY|O_CLOEXEC) = 3</usr/lib/x86_64-linux-gnu/libm.so.6>
44045 openat(AT_FDCWD</home/ecochran76/workspace.local/fsearch>, "/proc/sys/kernel/random/boot_id", O_RDONLY|O_CLOEXEC) = 9</proc/sys/kernel/random/boot_id>
44171 openat(AT_FDCWD</home/ecochran76/workspace.local/fsearch>, "/lib/x86_64-linux-gnu/libgio-2.0.so.0", O_RDONLY|O_CLOEXEC) = 3</usr/lib/x86_64-linux-gnu/libgio-2.0.so.0.8000.0>
44045 openat(AT_FDCWD</home/ecochran76/workspace.local/fsearch>, "/proc/44045/stat", O_RDONLY|O_CLOEXEC) = 9</proc/44045/stat>
44171 openat(AT_FDCWD</home/ecochran76/workspace.local/fsearch>, "/lib/x86_64-linux-gnu/libgobject-2.0.so.0", O_RDONLY|O_CLOEXEC) = 3</usr/lib/x86_64-linux-gnu/libgobject-2.0.so.0.8000.0>
44045 openat(AT_FDCWD</home/ecochran76/workspace.local/fsearch>, "/proc/sys/kernel/random/boot_id", O_RDONLY|O_CLOEXEC) = 9</proc/sys/kernel/random/boot_id>
44171 openat(AT_FDCWD</home/ecochran76/workspace.local/fsearch>, "/lib/x86_64-linux-gnu/libglib-2.0.so.0", O_RDONLY|O_CLOEXEC) = 3</usr/lib/x86_64-linux-gnu/libglib-2.0.so.0.8000.0>
44045 openat(3</tmp/fsearch-monitor-query-owned-a3ld4i3s>, "query.sock.state.8495a63cfda44707adb9ff77bc344b59", O_WRONLY|O_CREAT|O_EXCL|O_NONBLOCK|O_NOFOLLOW|O_CLOEXEC, 0600) = 9</tmp/fsearch-monitor-query-owned-a3ld4i3s/query.sock.state.8495a63cfda44707adb9ff77bc344b59>
44171 openat(AT_FDCWD</home/ecochran76/workspace.local/fsearch>, "/lib/x86_64-linux-gnu/libpango-1.0.so.0", O_RDONLY|O_CLOEXEC) = 3</usr/lib/x86_64-linux-gnu/libpango-1.0.so.0.5200.1>
44171 openat(AT_FDCWD</home/ecochran76/workspace.local/fsearch>, "/lib/x86_64-linux-gnu/libpcre2-8.so.0", O_RDONLY|O_CLOEXEC) = 3</usr/lib/x86_64-linux-gnu/libpcre2-8.so.0.11.2>
44171 openat(AT_FDCWD</home/ecochran76/workspace.local/fsearch>, "/lib/x86_64-linux-gnu/libicuuc.so.74", O_RDONLY|O_CLOEXEC) = 3</usr/lib/x86_64-linux-gnu/libicuuc.so.74.2>
44171 openat(AT_FDCWD</home/ecochran76/workspace.local/fsearch>, "/lib/x86_64-linux-gnu/libc.so.6", O_RDONLY|O_CLOEXEC) = 3</usr/lib/x86_64-linux-gnu/libc.so.6>
44045 renameat(3</tmp/fsearch-monitor-query-owned-a3ld4i3s>, "query.sock.state.8495a63cfda44707adb9ff77bc344b59", 3</tmp/fsearch-monitor-query-owned-a3ld4i3s>, "query.sock.state") = 0
44171 openat(AT_FDCWD</home/ecochran76/workspace.local/fsearch>, "/lib/x86_64-linux-gnu/libgmodule-2.0.so.0", O_RDONLY|O_CLOEXEC) = 3</usr/lib/x86_64-linux-gnu/libgmodule-2.0.so.0.8000.0>
44171 openat(AT_FDCWD</home/ecochran76/workspace.local/fsearch>, "/lib/x86_64-linux-gnu/libz.so.1", O_RDONLY|O_CLOEXEC) = 3</usr/lib/x86_64-linux-gnu/libz.so.1.3>
44171 openat(AT_FDCWD</home/ecochran76/workspace.local/fsearch>, "/lib/x86_64-linux-gnu/libmount.so.1", O_RDONLY|O_CLOEXEC) = 3</usr/lib/x86_64-linux-gnu/libmount.so.1.1.0>
44045 unlinkat(3</tmp/fsearch-monitor-query-owned-a3ld4i3s>, "query.sock.state.8495a63cfda44707adb9ff77bc344b59", 0) = -1 ENOENT (No such file or directory)
44171 openat(AT_FDCWD</home/ecochran76/workspace.local/fsearch>, "/lib/x86_64-linux-gnu/libselinux.so.1", O_RDONLY|O_CLOEXEC) = 3</usr/lib/x86_64-linux-gnu/libselinux.so.1>
44171 openat(AT_FDCWD</home/ecochran76/workspace.local/fsearch>, "/lib/x86_64-linux-gnu/libffi.so.8", O_RDONLY|O_CLOEXEC) = 3</usr/lib/x86_64-linux-gnu/libffi.so.8.1.4>
44171 openat(AT_FDCWD</home/ecochran76/workspace.local/fsearch>, "/lib/x86_64-linux-gnu/libfribidi.so.0", O_RDONLY|O_CLOEXEC) = 3</usr/lib/x86_64-linux-gnu/libfribidi.so.0.4.0>
44171 openat(AT_FDCWD</home/ecochran76/workspace.local/fsearch>, "/lib/x86_64-linux-gnu/libthai.so.0", O_RDONLY|O_CLOEXEC) = 3</usr/lib/x86_64-linux-gnu/libthai.so.0.3.1>
44171 openat(AT_FDCWD</home/ecochran76/workspace.local/fsearch>, "/lib/x86_64-linux-gnu/libharfbuzz.so.0", O_RDONLY|O_CLOEXEC) = 3</usr/lib/x86_64-linux-gnu/libharfbuzz.so.0.60830.0>
44171 openat(AT_FDCWD</home/ecochran76/workspace.local/fsearch>, "/lib/x86_64-linux-gnu/libicudata.so.74", O_RDONLY|O_CLOEXEC) = 3</usr/lib/x86_64-linux-gnu/libicudata.so.74.2>
44171 openat(AT_FDCWD</home/ecochran76/workspace.local/fsearch>, "/lib/x86_64-linux-gnu/libstdc++.so.6", O_RDONLY|O_CLOEXEC) = 3</usr/lib/x86_64-linux-gnu/libstdc++.so.6.0.33>
44171 openat(AT_FDCWD</home/ecochran76/workspace.local/fsearch>, "/lib/x86_64-linux-gnu/libgcc_s.so.1", O_RDONLY|O_CLOEXEC) = 3</usr/lib/x86_64-linux-gnu/libgcc_s.so.1>
44171 openat(AT_FDCWD</home/ecochran76/workspace.local/fsearch>, "/lib/x86_64-linux-gnu/libblkid.so.1", O_RDONLY|O_CLOEXEC) = 3</usr/lib/x86_64-linux-gnu/libblkid.so.1.1.0>
44171 openat(AT_FDCWD</home/ecochran76/workspace.local/fsearch>, "/lib/x86_64-linux-gnu/libdatrie.so.1", O_RDONLY|O_CLOEXEC) = 3</usr/lib/x86_64-linux-gnu/libdatrie.so.1.4.0>
44171 openat(AT_FDCWD</home/ecochran76/workspace.local/fsearch>, "/lib/x86_64-linux-gnu/libfreetype.so.6", O_RDONLY|O_CLOEXEC) = 3</usr/lib/x86_64-linux-gnu/libfreetype.so.6.20.1>
44171 openat(AT_FDCWD</home/ecochran76/workspace.local/fsearch>, "/lib/x86_64-linux-gnu/libgraphite2.so.3", O_RDONLY|O_CLOEXEC) = 3</usr/lib/x86_64-linux-gnu/libgraphite2.so.3.2.1>
44171 openat(AT_FDCWD</home/ecochran76/workspace.local/fsearch>, "/lib/x86_64-linux-gnu/libbz2.so.1.0", O_RDONLY|O_CLOEXEC) = 3</usr/lib/x86_64-linux-gnu/libbz2.so.1.0.4>
44171 openat(AT_FDCWD</home/ecochran76/workspace.local/fsearch>, "/lib/x86_64-linux-gnu/libpng16.so.16", O_RDONLY|O_CLOEXEC) = 3</usr/lib/x86_64-linux-gnu/libpng16.so.16.43.0>
44171 openat(AT_FDCWD</home/ecochran76/workspace.local/fsearch>, "/lib/x86_64-linux-gnu/libbrotlidec.so.1", O_RDONLY|O_CLOEXEC) = 3</usr/lib/x86_64-linux-gnu/libbrotlidec.so.1.1.0>
44171 openat(AT_FDCWD</home/ecochran76/workspace.local/fsearch>, "/lib/x86_64-linux-gnu/libbrotlicommon.so.1", O_RDONLY|O_CLOEXEC) = 3</usr/lib/x86_64-linux-gnu/libbrotlicommon.so.1.1.0>
44171 statfs("/sys/fs/selinux", {f_type=SYSFS_MAGIC, f_bsize=4096, f_blocks=0, f_bfree=0, f_bavail=0, f_files=0, f_ffree=0, f_fsid={val=[0xdff19c14, 0x4f8e434f]}, f_namelen=255, f_frsize=4096, f_flags=ST_VALID|ST_NOSUID|ST_NODEV|ST_NOEXEC|ST_NOATIME}) = 0
44171 statfs("/selinux", 0x7ffdd2756550) = -1 ENOENT (No such file or directory)
44171 openat(AT_FDCWD</home/ecochran76/workspace.local/fsearch>, "/proc/filesystems", O_RDONLY|O_CLOEXEC) = 3</proc/filesystems>
44171 openat(AT_FDCWD</home/ecochran76/workspace.local/fsearch>, "/proc/mounts", O_RDONLY|O_CLOEXEC) = 3</proc/44171/mounts>
44171 access("/etc/selinux/config", F_OK) = -1 ENOENT (No such file or directory)
44171 openat(AT_FDCWD</home/ecochran76/workspace.local/fsearch>, "/tmp/fsearch-monitor-query-owned-a3ld4i3s/accepted.db", O_RDONLY|O_NONBLOCK|O_NOFOLLOW|O_CLOEXEC) = 3</tmp/fsearch-monitor-query-owned-a3ld4i3s/accepted.db>
44045 openat(AT_FDCWD</home/ecochran76/workspace.local/fsearch>, "/proc/44045/stat", O_RDONLY|O_CLOEXEC) = 9</proc/44045/stat>
44045 openat(AT_FDCWD</home/ecochran76/workspace.local/fsearch>, "/proc/sys/kernel/random/boot_id", O_RDONLY|O_CLOEXEC) = 9</proc/sys/kernel/random/boot_id>
44045 openat(3</tmp/fsearch-monitor-query-owned-a3ld4i3s>, "query.sock.state.9d197060e2ba44a28d7cbd3db211a8e7", O_WRONLY|O_CREAT|O_EXCL|O_NONBLOCK|O_NOFOLLOW|O_CLOEXEC, 0600) = 9</tmp/fsearch-monitor-query-owned-a3ld4i3s/query.sock.state.9d197060e2ba44a28d7cbd3db211a8e7>
44045 renameat(3</tmp/fsearch-monitor-query-owned-a3ld4i3s>, "query.sock.state.9d197060e2ba44a28d7cbd3db211a8e7", 3</tmp/fsearch-monitor-query-owned-a3ld4i3s>, "query.sock.state") = 0
44045 unlinkat(3</tmp/fsearch-monitor-query-owned-a3ld4i3s>, "query.sock.state.9d197060e2ba44a28d7cbd3db211a8e7", 0) = -1 ENOENT (No such file or directory)
44045 lstat("/home", {st_mode=S_IFDIR|0755, st_size=4096, ...}) = 0
44045 lstat("/home/ecochran76", {st_mode=S_IFDIR|0750, st_size=12288, ...}) = 0
44045 lstat("/home/ecochran76/.local", {st_mode=S_IFDIR|0755, st_size=4096, ...}) = 0
44045 lstat("/home/ecochran76/.local/share", {st_mode=S_IFDIR|0755, st_size=4096, ...}) = 0
44045 lstat("/home/ecochran76/.local/share/fsearch", {st_mode=S_IFDIR|0700, st_size=4096, ...}) = 0
44045 lstat("/home/ecochran76/.local/share/fsearch/runtimes", {st_mode=S_IFDIR|0700, st_size=4096, ...}) = 0
44045 lstat("/home/ecochran76/.local/share/fsearch/runtimes/10170cfe7848754bd5c68a49685d62ff17f2308e", {st_mode=S_IFDIR|0700, st_size=4096, ...}) = 0
44045 lstat("/home/ecochran76/.local/share/fsearch/runtimes/10170cfe7848754bd5c68a49685d62ff17f2308e/bin", {st_mode=S_IFDIR|0700, st_size=4096, ...}) = 0
44045 lstat("/home/ecochran76/.local/share/fsearch/runtimes/10170cfe7848754bd5c68a49685d62ff17f2308e/bin/fsearch-service", {st_mode=S_IFREG|0755, st_size=32186, ...}) = 0
44045 stat("/home/ecochran76/.local/share/fsearch/runtimes/10170cfe7848754bd5c68a49685d62ff17f2308e/bin/fsearch-service", {st_mode=S_IFREG|0755, st_size=32186, ...}) = 0
44045 openat(AT_FDCWD</home/ecochran76/workspace.local/fsearch>, "/dev/null", O_RDWR|O_CLOEXEC) = 15</dev/null<char 1:3>>
44196 openat(AT_FDCWD</home/ecochran76/workspace.local/fsearch>, "/proc/self/fd", O_RDONLY|O_CLOEXEC) = 12</proc/44196/fd>
44196 getdents64(12</proc/44196/fd>, 0x7ffe9dbc7370 /* 11 entries */, 280) = 264
44196 getdents64(12</proc/44196/fd>, 0x7ffe9dbc7370 /* 7 entries */, 280) = 168
44196 getdents64(12</proc/44196/fd>, 0x7ffe9dbc7370 /* 0 entries */, 280) = 0
44196 execve("/home/ecochran76/.local/share/fsearch/runtimes/10170cfe7848754bd5c68a49685d62ff17f2308e/bin/fsearch-worker", ["/home/ecochran76/.local/share/fs"..., "/tmp/fsearch-monitor-query-owned"..., "44045"], 0x7ffe9dbc84f8 /* 258 vars */) = 0
44045 openat(AT_FDCWD</home/ecochran76/workspace.local/fsearch>, "/proc/44196/stat", O_RDONLY|O_CLOEXEC) = 9</proc/44196/stat>
44196 access("/etc/ld.so.preload", R_OK) = -1 ENOENT (No such file or directory)
44196 openat(AT_FDCWD</home/ecochran76/workspace.local/fsearch>, "/etc/ld.so.cache", O_RDONLY|O_CLOEXEC) = 3</etc/ld.so.cache>
44196 openat(AT_FDCWD</home/ecochran76/workspace.local/fsearch>, "/lib/x86_64-linux-gnu/libm.so.6", O_RDONLY|O_CLOEXEC) = 3</usr/lib/x86_64-linux-gnu/libm.so.6>
44045 openat(AT_FDCWD</home/ecochran76/workspace.local/fsearch>, "/proc/sys/kernel/random/boot_id", O_RDONLY|O_CLOEXEC) = 9</proc/sys/kernel/random/boot_id>
44196 openat(AT_FDCWD</home/ecochran76/workspace.local/fsearch>, "/lib/x86_64-linux-gnu/libgio-2.0.so.0", O_RDONLY|O_CLOEXEC) = 3</usr/lib/x86_64-linux-gnu/libgio-2.0.so.0.8000.0>
44045 openat(AT_FDCWD</home/ecochran76/workspace.local/fsearch>, "/proc/44045/stat", O_RDONLY|O_CLOEXEC) = 9</proc/44045/stat>
44045 openat(AT_FDCWD</home/ecochran76/workspace.local/fsearch>, "/proc/sys/kernel/random/boot_id", O_RDONLY|O_CLOEXEC) = 9</proc/sys/kernel/random/boot_id>
44196 openat(AT_FDCWD</home/ecochran76/workspace.local/fsearch>, "/lib/x86_64-linux-gnu/libgobject-2.0.so.0", O_RDONLY|O_CLOEXEC) = 3</usr/lib/x86_64-linux-gnu/libgobject-2.0.so.0.8000.0>
44196 openat(AT_FDCWD</home/ecochran76/workspace.local/fsearch>, "/lib/x86_64-linux-gnu/libglib-2.0.so.0", O_RDONLY|O_CLOEXEC) = 3</usr/lib/x86_64-linux-gnu/libglib-2.0.so.0.8000.0>
44045 openat(3</tmp/fsearch-monitor-query-owned-a3ld4i3s>, "query.sock.state.9b21774ebc114786b938738b77d1159d", O_WRONLY|O_CREAT|O_EXCL|O_NONBLOCK|O_NOFOLLOW|O_CLOEXEC, 0600) = 9</tmp/fsearch-monitor-query-owned-a3ld4i3s/query.sock.state.9b21774ebc114786b938738b77d1159d>
44196 openat(AT_FDCWD</home/ecochran76/workspace.local/fsearch>, "/lib/x86_64-linux-gnu/libpango-1.0.so.0", O_RDONLY|O_CLOEXEC) = 3</usr/lib/x86_64-linux-gnu/libpango-1.0.so.0.5200.1>
44196 openat(AT_FDCWD</home/ecochran76/workspace.local/fsearch>, "/lib/x86_64-linux-gnu/libpcre2-8.so.0", O_RDONLY|O_CLOEXEC) = 3</usr/lib/x86_64-linux-gnu/libpcre2-8.so.0.11.2>
44196 openat(AT_FDCWD</home/ecochran76/workspace.local/fsearch>, "/lib/x86_64-linux-gnu/libicuuc.so.74", O_RDONLY|O_CLOEXEC) = 3</usr/lib/x86_64-linux-gnu/libicuuc.so.74.2>
44196 openat(AT_FDCWD</home/ecochran76/workspace.local/fsearch>, "/lib/x86_64-linux-gnu/libc.so.6", O_RDONLY|O_CLOEXEC) = 3</usr/lib/x86_64-linux-gnu/libc.so.6>
44045 renameat(3</tmp/fsearch-monitor-query-owned-a3ld4i3s>, "query.sock.state.9b21774ebc114786b938738b77d1159d", 3</tmp/fsearch-monitor-query-owned-a3ld4i3s>, "query.sock.state") = 0
44196 openat(AT_FDCWD</home/ecochran76/workspace.local/fsearch>, "/lib/x86_64-linux-gnu/libgmodule-2.0.so.0", O_RDONLY|O_CLOEXEC) = 3</usr/lib/x86_64-linux-gnu/libgmodule-2.0.so.0.8000.0>
44196 openat(AT_FDCWD</home/ecochran76/workspace.local/fsearch>, "/lib/x86_64-linux-gnu/libz.so.1", O_RDONLY|O_CLOEXEC) = 3</usr/lib/x86_64-linux-gnu/libz.so.1.3>
44196 openat(AT_FDCWD</home/ecochran76/workspace.local/fsearch>, "/lib/x86_64-linux-gnu/libmount.so.1", O_RDONLY|O_CLOEXEC) = 3</usr/lib/x86_64-linux-gnu/libmount.so.1.1.0>
44045 unlinkat(3</tmp/fsearch-monitor-query-owned-a3ld4i3s>, "query.sock.state.9b21774ebc114786b938738b77d1159d", 0) = -1 ENOENT (No such file or directory)
44196 openat(AT_FDCWD</home/ecochran76/workspace.local/fsearch>, "/lib/x86_64-linux-gnu/libselinux.so.1", O_RDONLY|O_CLOEXEC) = 3</usr/lib/x86_64-linux-gnu/libselinux.so.1>
44196 openat(AT_FDCWD</home/ecochran76/workspace.local/fsearch>, "/lib/x86_64-linux-gnu/libffi.so.8", O_RDONLY|O_CLOEXEC) = 3</usr/lib/x86_64-linux-gnu/libffi.so.8.1.4>
44196 openat(AT_FDCWD</home/ecochran76/workspace.local/fsearch>, "/lib/x86_64-linux-gnu/libfribidi.so.0", O_RDONLY|O_CLOEXEC) = 3</usr/lib/x86_64-linux-gnu/libfribidi.so.0.4.0>
44196 openat(AT_FDCWD</home/ecochran76/workspace.local/fsearch>, "/lib/x86_64-linux-gnu/libthai.so.0", O_RDONLY|O_CLOEXEC) = 3</usr/lib/x86_64-linux-gnu/libthai.so.0.3.1>
44196 openat(AT_FDCWD</home/ecochran76/workspace.local/fsearch>, "/lib/x86_64-linux-gnu/libharfbuzz.so.0", O_RDONLY|O_CLOEXEC) = 3</usr/lib/x86_64-linux-gnu/libharfbuzz.so.0.60830.0>
44196 openat(AT_FDCWD</home/ecochran76/workspace.local/fsearch>, "/lib/x86_64-linux-gnu/libicudata.so.74", O_RDONLY|O_CLOEXEC) = 3</usr/lib/x86_64-linux-gnu/libicudata.so.74.2>
44196 openat(AT_FDCWD</home/ecochran76/workspace.local/fsearch>, "/lib/x86_64-linux-gnu/libstdc++.so.6", O_RDONLY|O_CLOEXEC) = 3</usr/lib/x86_64-linux-gnu/libstdc++.so.6.0.33>
44196 openat(AT_FDCWD</home/ecochran76/workspace.local/fsearch>, "/lib/x86_64-linux-gnu/libgcc_s.so.1", O_RDONLY|O_CLOEXEC) = 3</usr/lib/x86_64-linux-gnu/libgcc_s.so.1>
44196 openat(AT_FDCWD</home/ecochran76/workspace.local/fsearch>, "/lib/x86_64-linux-gnu/libblkid.so.1", O_RDONLY|O_CLOEXEC) = 3</usr/lib/x86_64-linux-gnu/libblkid.so.1.1.0>
44196 openat(AT_FDCWD</home/ecochran76/workspace.local/fsearch>, "/lib/x86_64-linux-gnu/libdatrie.so.1", O_RDONLY|O_CLOEXEC) = 3</usr/lib/x86_64-linux-gnu/libdatrie.so.1.4.0>
44196 openat(AT_FDCWD</home/ecochran76/workspace.local/fsearch>, "/lib/x86_64-linux-gnu/libfreetype.so.6", O_RDONLY|O_CLOEXEC) = 3</usr/lib/x86_64-linux-gnu/libfreetype.so.6.20.1>
44196 openat(AT_FDCWD</home/ecochran76/workspace.local/fsearch>, "/lib/x86_64-linux-gnu/libgraphite2.so.3", O_RDONLY|O_CLOEXEC) = 3</usr/lib/x86_64-linux-gnu/libgraphite2.so.3.2.1>
44196 openat(AT_FDCWD</home/ecochran76/workspace.local/fsearch>, "/lib/x86_64-linux-gnu/libbz2.so.1.0", O_RDONLY|O_CLOEXEC) = 3</usr/lib/x86_64-linux-gnu/libbz2.so.1.0.4>
44196 openat(AT_FDCWD</home/ecochran76/workspace.local/fsearch>, "/lib/x86_64-linux-gnu/libpng16.so.16", O_RDONLY|O_CLOEXEC) = 3</usr/lib/x86_64-linux-gnu/libpng16.so.16.43.0>
44196 openat(AT_FDCWD</home/ecochran76/workspace.local/fsearch>, "/lib/x86_64-linux-gnu/libbrotlidec.so.1", O_RDONLY|O_CLOEXEC) = 3</usr/lib/x86_64-linux-gnu/libbrotlidec.so.1.1.0>
44196 openat(AT_FDCWD</home/ecochran76/workspace.local/fsearch>, "/lib/x86_64-linux-gnu/libbrotlicommon.so.1", O_RDONLY|O_CLOEXEC) = 3</usr/lib/x86_64-linux-gnu/libbrotlicommon.so.1.1.0>
44196 statfs("/sys/fs/selinux", {f_type=SYSFS_MAGIC, f_bsize=4096, f_blocks=0, f_bfree=0, f_bavail=0, f_files=0, f_ffree=0, f_fsid={val=[0xdff19c14, 0x4f8e434f]}, f_namelen=255, f_frsize=4096, f_flags=ST_VALID|ST_NOSUID|ST_NODEV|ST_NOEXEC|ST_NOATIME}) = 0
44196 statfs("/selinux", 0x7fff6b052f90) = -1 ENOENT (No such file or directory)
44196 openat(AT_FDCWD</home/ecochran76/workspace.local/fsearch>, "/proc/filesystems", O_RDONLY|O_CLOEXEC) = 3</proc/filesystems>
44196 openat(AT_FDCWD</home/ecochran76/workspace.local/fsearch>, "/proc/mounts", O_RDONLY|O_CLOEXEC) = 3</proc/44196/mounts>
44196 access("/etc/selinux/config", F_OK) = -1 ENOENT (No such file or directory)
44196 openat(AT_FDCWD</home/ecochran76/workspace.local/fsearch>, "/tmp/fsearch-monitor-query-owned-a3ld4i3s/accepted.db", O_RDONLY|O_NONBLOCK|O_NOFOLLOW|O_CLOEXEC) = 3</tmp/fsearch-monitor-query-owned-a3ld4i3s/accepted.db>
44045 openat(AT_FDCWD</home/ecochran76/workspace.local/fsearch>, "/proc/44045/stat", O_RDONLY|O_CLOEXEC) = 9</proc/44045/stat>
44045 openat(AT_FDCWD</home/ecochran76/workspace.local/fsearch>, "/proc/sys/kernel/random/boot_id", O_RDONLY|O_CLOEXEC) = 9</proc/sys/kernel/random/boot_id>
44045 openat(3</tmp/fsearch-monitor-query-owned-a3ld4i3s>, "query.sock.state.15d1ed9d06cc4669b9f0d8cdec2e18c8", O_WRONLY|O_CREAT|O_EXCL|O_NONBLOCK|O_NOFOLLOW|O_CLOEXEC, 0600) = 9</tmp/fsearch-monitor-query-owned-a3ld4i3s/query.sock.state.15d1ed9d06cc4669b9f0d8cdec2e18c8>
44045 renameat(3</tmp/fsearch-monitor-query-owned-a3ld4i3s>, "query.sock.state.15d1ed9d06cc4669b9f0d8cdec2e18c8", 3</tmp/fsearch-monitor-query-owned-a3ld4i3s>, "query.sock.state") = 0
44045 unlinkat(3</tmp/fsearch-monitor-query-owned-a3ld4i3s>, "query.sock.state.15d1ed9d06cc4669b9f0d8cdec2e18c8", 0) = -1 ENOENT (No such file or directory)
44171 +++ killed by SIGKILL +++
44045 --- SIGCHLD {si_signo=SIGCHLD, si_code=CLD_KILLED, si_pid=44171, si_uid=1000, si_status=SIGKILL, si_utime=0, si_stime=2 /* 0.02 s */} ---
44045 openat(AT_FDCWD</home/ecochran76/workspace.local/fsearch>, "/proc/44045/stat", O_RDONLY|O_CLOEXEC) = 9</proc/44045/stat>
44045 openat(AT_FDCWD</home/ecochran76/workspace.local/fsearch>, "/proc/sys/kernel/random/boot_id", O_RDONLY|O_CLOEXEC) = 9</proc/sys/kernel/random/boot_id>
44045 openat(3</tmp/fsearch-monitor-query-owned-a3ld4i3s>, "query.sock.state.b5cd0f98d5eb424e9aee6f859d7e6719", O_WRONLY|O_CREAT|O_EXCL|O_NONBLOCK|O_NOFOLLOW|O_CLOEXEC, 0600) = 9</tmp/fsearch-monitor-query-owned-a3ld4i3s/query.sock.state.b5cd0f98d5eb424e9aee6f859d7e6719>
44045 renameat(3</tmp/fsearch-monitor-query-owned-a3ld4i3s>, "query.sock.state.b5cd0f98d5eb424e9aee6f859d7e6719", 3</tmp/fsearch-monitor-query-owned-a3ld4i3s>, "query.sock.state") = 0
44045 unlinkat(3</tmp/fsearch-monitor-query-owned-a3ld4i3s>, "query.sock.state.b5cd0f98d5eb424e9aee6f859d7e6719", 0) = -1 ENOENT (No such file or directory)
44045 lstat("/home", {st_mode=S_IFDIR|0755, st_size=4096, ...}) = 0
44045 lstat("/home/ecochran76", {st_mode=S_IFDIR|0750, st_size=12288, ...}) = 0
44045 lstat("/home/ecochran76/.local", {st_mode=S_IFDIR|0755, st_size=4096, ...}) = 0
44045 lstat("/home/ecochran76/.local/share", {st_mode=S_IFDIR|0755, st_size=4096, ...}) = 0
44045 lstat("/home/ecochran76/.local/share/fsearch", {st_mode=S_IFDIR|0700, st_size=4096, ...}) = 0
44045 lstat("/home/ecochran76/.local/share/fsearch/runtimes", {st_mode=S_IFDIR|0700, st_size=4096, ...}) = 0
44045 lstat("/home/ecochran76/.local/share/fsearch/runtimes/10170cfe7848754bd5c68a49685d62ff17f2308e", {st_mode=S_IFDIR|0700, st_size=4096, ...}) = 0
44045 lstat("/home/ecochran76/.local/share/fsearch/runtimes/10170cfe7848754bd5c68a49685d62ff17f2308e/bin", {st_mode=S_IFDIR|0700, st_size=4096, ...}) = 0
44045 lstat("/home/ecochran76/.local/share/fsearch/runtimes/10170cfe7848754bd5c68a49685d62ff17f2308e/bin/fsearch-service", {st_mode=S_IFREG|0755, st_size=32186, ...}) = 0
44045 stat("/home/ecochran76/.local/share/fsearch/runtimes/10170cfe7848754bd5c68a49685d62ff17f2308e/bin/fsearch-service", {st_mode=S_IFREG|0755, st_size=32186, ...}) = 0
44045 openat(AT_FDCWD</home/ecochran76/workspace.local/fsearch>, "/dev/null", O_RDWR|O_CLOEXEC) = 15</dev/null<char 1:3>>
44234 openat(AT_FDCWD</home/ecochran76/workspace.local/fsearch>, "/proc/self/fd", O_RDONLY|O_CLOEXEC) = 10</proc/44234/fd>
44234 getdents64(10</proc/44234/fd>, 0x7ffe9dbc7370 /* 11 entries */, 280) = 264
44234 getdents64(10</proc/44234/fd>, 0x7ffe9dbc7370 /* 7 entries */, 280) = 168
44234 getdents64(10</proc/44234/fd>, 0x7ffe9dbc7370 /* 0 entries */, 280) = 0
44234 execve("/home/ecochran76/.local/share/fsearch/runtimes/10170cfe7848754bd5c68a49685d62ff17f2308e/bin/fsearch-worker", ["/home/ecochran76/.local/share/fs"..., "/tmp/fsearch-monitor-query-owned"..., "44045"], 0x7ffe9dbc84f8 /* 258 vars */) = 0
44045 openat(AT_FDCWD</home/ecochran76/workspace.local/fsearch>, "/proc/44234/stat", O_RDONLY|O_CLOEXEC) = 9</proc/44234/stat>
44234 access("/etc/ld.so.preload", R_OK) = -1 ENOENT (No such file or directory)
44234 openat(AT_FDCWD</home/ecochran76/workspace.local/fsearch>, "/etc/ld.so.cache", O_RDONLY|O_CLOEXEC) = 3</etc/ld.so.cache>
44234 openat(AT_FDCWD</home/ecochran76/workspace.local/fsearch>, "/lib/x86_64-linux-gnu/libm.so.6", O_RDONLY|O_CLOEXEC) = 3</usr/lib/x86_64-linux-gnu/libm.so.6>
44045 openat(AT_FDCWD</home/ecochran76/workspace.local/fsearch>, "/proc/sys/kernel/random/boot_id", O_RDONLY|O_CLOEXEC) = 9</proc/sys/kernel/random/boot_id>
44234 openat(AT_FDCWD</home/ecochran76/workspace.local/fsearch>, "/lib/x86_64-linux-gnu/libgio-2.0.so.0", O_RDONLY|O_CLOEXEC) = 3</usr/lib/x86_64-linux-gnu/libgio-2.0.so.0.8000.0>
44045 openat(AT_FDCWD</home/ecochran76/workspace.local/fsearch>, "/proc/44045/stat", O_RDONLY|O_CLOEXEC) = 9</proc/44045/stat>
44045 openat(AT_FDCWD</home/ecochran76/workspace.local/fsearch>, "/proc/sys/kernel/random/boot_id", O_RDONLY|O_CLOEXEC) = 9</proc/sys/kernel/random/boot_id>
44234 openat(AT_FDCWD</home/ecochran76/workspace.local/fsearch>, "/lib/x86_64-linux-gnu/libgobject-2.0.so.0", O_RDONLY|O_CLOEXEC) = 3</usr/lib/x86_64-linux-gnu/libgobject-2.0.so.0.8000.0>
44234 openat(AT_FDCWD</home/ecochran76/workspace.local/fsearch>, "/lib/x86_64-linux-gnu/libglib-2.0.so.0", O_RDONLY|O_CLOEXEC) = 3</usr/lib/x86_64-linux-gnu/libglib-2.0.so.0.8000.0>
44045 openat(3</tmp/fsearch-monitor-query-owned-a3ld4i3s>, "query.sock.state.d3ac6d0a411647ca9f454689a019cdc2", O_WRONLY|O_CREAT|O_EXCL|O_NONBLOCK|O_NOFOLLOW|O_CLOEXEC, 0600) = 9</tmp/fsearch-monitor-query-owned-a3ld4i3s/query.sock.state.d3ac6d0a411647ca9f454689a019cdc2>
44234 openat(AT_FDCWD</home/ecochran76/workspace.local/fsearch>, "/lib/x86_64-linux-gnu/libpango-1.0.so.0", O_RDONLY|O_CLOEXEC) = 3</usr/lib/x86_64-linux-gnu/libpango-1.0.so.0.5200.1>
44234 openat(AT_FDCWD</home/ecochran76/workspace.local/fsearch>, "/lib/x86_64-linux-gnu/libpcre2-8.so.0", O_RDONLY|O_CLOEXEC) = 3</usr/lib/x86_64-linux-gnu/libpcre2-8.so.0.11.2>
44234 openat(AT_FDCWD</home/ecochran76/workspace.local/fsearch>, "/lib/x86_64-linux-gnu/libicuuc.so.74", O_RDONLY|O_CLOEXEC) = 3</usr/lib/x86_64-linux-gnu/libicuuc.so.74.2>
44234 openat(AT_FDCWD</home/ecochran76/workspace.local/fsearch>, "/lib/x86_64-linux-gnu/libc.so.6", O_RDONLY|O_CLOEXEC <unfinished ...>
44045 renameat(3</tmp/fsearch-monitor-query-owned-a3ld4i3s>, "query.sock.state.d3ac6d0a411647ca9f454689a019cdc2", 3</tmp/fsearch-monitor-query-owned-a3ld4i3s>, "query.sock.state" <unfinished ...>
44234 <... openat resumed>)             = 3</usr/lib/x86_64-linux-gnu/libc.so.6>
44045 <... renameat resumed>)           = 0
44234 openat(AT_FDCWD</home/ecochran76/workspace.local/fsearch>, "/lib/x86_64-linux-gnu/libgmodule-2.0.so.0", O_RDONLY|O_CLOEXEC) = 3</usr/lib/x86_64-linux-gnu/libgmodule-2.0.so.0.8000.0>
44234 openat(AT_FDCWD</home/ecochran76/workspace.local/fsearch>, "/lib/x86_64-linux-gnu/libz.so.1", O_RDONLY|O_CLOEXEC) = 3</usr/lib/x86_64-linux-gnu/libz.so.1.3>
44045 unlinkat(3</tmp/fsearch-monitor-query-owned-a3ld4i3s>, "query.sock.state.d3ac6d0a411647ca9f454689a019cdc2", 0) = -1 ENOENT (No such file or directory)
44234 openat(AT_FDCWD</home/ecochran76/workspace.local/fsearch>, "/lib/x86_64-linux-gnu/libmount.so.1", O_RDONLY|O_CLOEXEC) = 3</usr/lib/x86_64-linux-gnu/libmount.so.1.1.0>
44234 openat(AT_FDCWD</home/ecochran76/workspace.local/fsearch>, "/lib/x86_64-linux-gnu/libselinux.so.1", O_RDONLY|O_CLOEXEC) = 3</usr/lib/x86_64-linux-gnu/libselinux.so.1>
44234 openat(AT_FDCWD</home/ecochran76/workspace.local/fsearch>, "/lib/x86_64-linux-gnu/libffi.so.8", O_RDONLY|O_CLOEXEC) = 3</usr/lib/x86_64-linux-gnu/libffi.so.8.1.4>
44234 openat(AT_FDCWD</home/ecochran76/workspace.local/fsearch>, "/lib/x86_64-linux-gnu/libfribidi.so.0", O_RDONLY|O_CLOEXEC) = 3</usr/lib/x86_64-linux-gnu/libfribidi.so.0.4.0>
44234 openat(AT_FDCWD</home/ecochran76/workspace.local/fsearch>, "/lib/x86_64-linux-gnu/libthai.so.0", O_RDONLY|O_CLOEXEC) = 3</usr/lib/x86_64-linux-gnu/libthai.so.0.3.1>
44234 openat(AT_FDCWD</home/ecochran76/workspace.local/fsearch>, "/lib/x86_64-linux-gnu/libharfbuzz.so.0", O_RDONLY|O_CLOEXEC) = 3</usr/lib/x86_64-linux-gnu/libharfbuzz.so.0.60830.0>
44234 openat(AT_FDCWD</home/ecochran76/workspace.local/fsearch>, "/lib/x86_64-linux-gnu/libicudata.so.74", O_RDONLY|O_CLOEXEC) = 3</usr/lib/x86_64-linux-gnu/libicudata.so.74.2>
44234 openat(AT_FDCWD</home/ecochran76/workspace.local/fsearch>, "/lib/x86_64-linux-gnu/libstdc++.so.6", O_RDONLY|O_CLOEXEC) = 3</usr/lib/x86_64-linux-gnu/libstdc++.so.6.0.33>
44234 openat(AT_FDCWD</home/ecochran76/workspace.local/fsearch>, "/lib/x86_64-linux-gnu/libgcc_s.so.1", O_RDONLY|O_CLOEXEC) = 3</usr/lib/x86_64-linux-gnu/libgcc_s.so.1>
44234 openat(AT_FDCWD</home/ecochran76/workspace.local/fsearch>, "/lib/x86_64-linux-gnu/libblkid.so.1", O_RDONLY|O_CLOEXEC) = 3</usr/lib/x86_64-linux-gnu/libblkid.so.1.1.0>
44234 openat(AT_FDCWD</home/ecochran76/workspace.local/fsearch>, "/lib/x86_64-linux-gnu/libdatrie.so.1", O_RDONLY|O_CLOEXEC) = 3</usr/lib/x86_64-linux-gnu/libdatrie.so.1.4.0>
44234 openat(AT_FDCWD</home/ecochran76/workspace.local/fsearch>, "/lib/x86_64-linux-gnu/libfreetype.so.6", O_RDONLY|O_CLOEXEC) = 3</usr/lib/x86_64-linux-gnu/libfreetype.so.6.20.1>
44234 openat(AT_FDCWD</home/ecochran76/workspace.local/fsearch>, "/lib/x86_64-linux-gnu/libgraphite2.so.3", O_RDONLY|O_CLOEXEC) = 3</usr/lib/x86_64-linux-gnu/libgraphite2.so.3.2.1>
44234 openat(AT_FDCWD</home/ecochran76/workspace.local/fsearch>, "/lib/x86_64-linux-gnu/libbz2.so.1.0", O_RDONLY|O_CLOEXEC) = 3</usr/lib/x86_64-linux-gnu/libbz2.so.1.0.4>
44234 openat(AT_FDCWD</home/ecochran76/workspace.local/fsearch>, "/lib/x86_64-linux-gnu/libpng16.so.16", O_RDONLY|O_CLOEXEC) = 3</usr/lib/x86_64-linux-gnu/libpng16.so.16.43.0>
44234 openat(AT_FDCWD</home/ecochran76/workspace.local/fsearch>, "/lib/x86_64-linux-gnu/libbrotlidec.so.1", O_RDONLY|O_CLOEXEC) = 3</usr/lib/x86_64-linux-gnu/libbrotlidec.so.1.1.0>
44234 openat(AT_FDCWD</home/ecochran76/workspace.local/fsearch>, "/lib/x86_64-linux-gnu/libbrotlicommon.so.1", O_RDONLY|O_CLOEXEC) = 3</usr/lib/x86_64-linux-gnu/libbrotlicommon.so.1.1.0>
44234 statfs("/sys/fs/selinux", {f_type=SYSFS_MAGIC, f_bsize=4096, f_blocks=0, f_bfree=0, f_bavail=0, f_files=0, f_ffree=0, f_fsid={val=[0xdff19c14, 0x4f8e434f]}, f_namelen=255, f_frsize=4096, f_flags=ST_VALID|ST_NOSUID|ST_NODEV|ST_NOEXEC|ST_NOATIME}) = 0
44234 statfs("/selinux", 0x7ffed2ae6640) = -1 ENOENT (No such file or directory)
44234 openat(AT_FDCWD</home/ecochran76/workspace.local/fsearch>, "/proc/filesystems", O_RDONLY|O_CLOEXEC) = 3</proc/filesystems>
44234 openat(AT_FDCWD</home/ecochran76/workspace.local/fsearch>, "/proc/mounts", O_RDONLY|O_CLOEXEC) = 3</proc/44234/mounts>
44234 access("/etc/selinux/config", F_OK) = -1 ENOENT (No such file or directory)
44234 openat(AT_FDCWD</home/ecochran76/workspace.local/fsearch>, "/tmp/fsearch-monitor-query-owned-a3ld4i3s/accepted.db", O_RDONLY|O_NONBLOCK|O_NOFOLLOW|O_CLOEXEC) = 3</tmp/fsearch-monitor-query-owned-a3ld4i3s/accepted.db>
44045 openat(AT_FDCWD</home/ecochran76/workspace.local/fsearch>, "/proc/44045/stat", O_RDONLY|O_CLOEXEC) = 9</proc/44045/stat>
44045 openat(AT_FDCWD</home/ecochran76/workspace.local/fsearch>, "/proc/sys/kernel/random/boot_id", O_RDONLY|O_CLOEXEC) = 9</proc/sys/kernel/random/boot_id>
44045 openat(3</tmp/fsearch-monitor-query-owned-a3ld4i3s>, "query.sock.state.40d483d1e23e4c2ba85d5ff659596584", O_WRONLY|O_CREAT|O_EXCL|O_NONBLOCK|O_NOFOLLOW|O_CLOEXEC, 0600) = 9</tmp/fsearch-monitor-query-owned-a3ld4i3s/query.sock.state.40d483d1e23e4c2ba85d5ff659596584>
44045 renameat(3</tmp/fsearch-monitor-query-owned-a3ld4i3s>, "query.sock.state.40d483d1e23e4c2ba85d5ff659596584", 3</tmp/fsearch-monitor-query-owned-a3ld4i3s>, "query.sock.state") = 0
44045 unlinkat(3</tmp/fsearch-monitor-query-owned-a3ld4i3s>, "query.sock.state.40d483d1e23e4c2ba85d5ff659596584", 0) = -1 ENOENT (No such file or directory)
44196 +++ killed by SIGKILL +++
44045 --- SIGCHLD {si_signo=SIGCHLD, si_code=CLD_KILLED, si_pid=44196, si_uid=1000, si_status=SIGKILL, si_utime=0, si_stime=2 /* 0.02 s */} ---
44045 openat(AT_FDCWD</home/ecochran76/workspace.local/fsearch>, "/proc/44045/stat", O_RDONLY|O_CLOEXEC) = 9</proc/44045/stat>
44045 openat(AT_FDCWD</home/ecochran76/workspace.local/fsearch>, "/proc/sys/kernel/random/boot_id", O_RDONLY|O_CLOEXEC) = 9</proc/sys/kernel/random/boot_id>
44045 openat(3</tmp/fsearch-monitor-query-owned-a3ld4i3s>, "query.sock.state.dc3c5207f1c64ea3a75c6fcef17f7e3f", O_WRONLY|O_CREAT|O_EXCL|O_NONBLOCK|O_NOFOLLOW|O_CLOEXEC, 0600) = 9</tmp/fsearch-monitor-query-owned-a3ld4i3s/query.sock.state.dc3c5207f1c64ea3a75c6fcef17f7e3f>
44045 renameat(3</tmp/fsearch-monitor-query-owned-a3ld4i3s>, "query.sock.state.dc3c5207f1c64ea3a75c6fcef17f7e3f", 3</tmp/fsearch-monitor-query-owned-a3ld4i3s>, "query.sock.state") = 0
44045 unlinkat(3</tmp/fsearch-monitor-query-owned-a3ld4i3s>, "query.sock.state.dc3c5207f1c64ea3a75c6fcef17f7e3f", 0) = -1 ENOENT (No such file or directory)
44234 +++ killed by SIGKILL +++
44045 --- SIGCHLD {si_signo=SIGCHLD, si_code=CLD_KILLED, si_pid=44234, si_uid=1000, si_status=SIGKILL, si_utime=0, si_stime=2 /* 0.02 s */} ---
44045 openat(AT_FDCWD</home/ecochran76/workspace.local/fsearch>, "/proc/44045/stat", O_RDONLY|O_CLOEXEC) = 8</proc/44045/stat>
44045 openat(AT_FDCWD</home/ecochran76/workspace.local/fsearch>, "/proc/sys/kernel/random/boot_id", O_RDONLY|O_CLOEXEC) = 8</proc/sys/kernel/random/boot_id>
44045 openat(3</tmp/fsearch-monitor-query-owned-a3ld4i3s>, "query.sock.state.ab9f45985e824521ae1f3febf81d001b", O_WRONLY|O_CREAT|O_EXCL|O_NONBLOCK|O_NOFOLLOW|O_CLOEXEC, 0600) = 8</tmp/fsearch-monitor-query-owned-a3ld4i3s/query.sock.state.ab9f45985e824521ae1f3febf81d001b>
44045 renameat(3</tmp/fsearch-monitor-query-owned-a3ld4i3s>, "query.sock.state.ab9f45985e824521ae1f3febf81d001b", 3</tmp/fsearch-monitor-query-owned-a3ld4i3s>, "query.sock.state") = 0
44045 unlinkat(3</tmp/fsearch-monitor-query-owned-a3ld4i3s>, "query.sock.state.ab9f45985e824521ae1f3febf81d001b", 0) = -1 ENOENT (No such file or directory)
44045 newfstatat(3</tmp/fsearch-monitor-query-owned-a3ld4i3s>, "query.sock", {st_mode=S_IFSOCK|0700, st_size=0, ...}, AT_SYMLINK_NOFOLLOW) = 0
44045 unlinkat(3</tmp/fsearch-monitor-query-owned-a3ld4i3s>, "query.sock", 0) = 0
44045 +++ exited with 0 +++
